Series Name,Series Code,Country Name,Country Code,1995 [YR1995],1996 [YR1996],1997 [YR1997],1998 [YR1998],1999 [YR1999],2000 [YR2000],2001 [YR2001],2002 [YR2002],2003 [YR2003],2004 [YR2004],2005 [YR2005],2006 [YR2006],2007 [YR2007],2008 [YR2008],2009 [YR2009],2010 [YR2010],2011 [YR2011],2012 [YR2012],2013 [YR2013],2014 [YR2014],2015 [YR2015],2016 [YR2016],2017 [YR2017],2018 [YR2018],2019 [YR2019]
"Foreign direct investment, net inflows (BoP, current US$)",BX.KLT.DINV.CD.WD,Afghanistan,AFG,-93326.6667,690000,-1460000,-10000,6040000,170000,680000,50000000,57800000,186900000,271000000,238000000,188690000,46033740,56107246.5,190774431.98,52173421,56823660,48311346,42975262.5,169146608,93591315.3,51533896.765,119435105.715177,23419360.6865351
"Foreign direct investment, net inflows (BoP, current US$)",BX.KLT.DINV.CD.WD,Albania,ALB,70000000,90100000,47500000,45010000,41200000,143000000,207300000,135000000,178036400.666667,341285112.537562,262479012.637464,325138316.803697,652275603.722803,1247181714.30558,1345415233.65622,1089898207.57431,1048706682.05458,917994575.801863,1254150555.51294,1149927985.77737,989578334.828609,1044389554.85795,1022757857.07377,1204383363.60476,1208739119.4394
"Foreign direct investment, net inflows (BoP, current US$)",BX.KLT.DINV.CD.WD,Algeria,DZA,1000,270000000,260000000,606600000,291600000,280100000,1113105541,1064960000,637880000,881850000,1155999999.99995,1841000000.00008,1686736539.70385,2638607033.75183,2746930734.16534,2300369124.15828,2571237024.68517,1500402452.8635,1691886707.50796,1502206170.55838,-537792920.921856,1638263953.77737,1200965279.93224,1506316885.7744,..
"Foreign direct investment, net inflows (BoP, current US$)",BX.KLT.DINV.CD.WD,American Samoa,ASM,..,..,..,..,..,..,..,..,..,..,..,..,..,..,..,..,..,..,..,..,..,..,..,..,..
"Foreign direct investment, net inflows (BoP, current US$)",BX.KLT.DINV.CD.WD,Andorra,AND,..,..,..,..,..,..,..,..,..,..,..,..,..,..,..,..,..,..,..,..,..,..,..,..,..
"Foreign direct investment, net inflows (BoP, current US$)",BX.KLT.DINV.CD.WD,Angola,AGO,472427000,180559000,411660000,1113970000,2471460000,878620000,2145470000,1743504000,3576971780,2197227820,-1303836930,-37714860,-893342152,1678971010,2205298180,-3227211182.45,-3023770965.83688,-1464627990.88284,-7120017424.4614,3657514667.49327,10028215162.6394,-179517618.92,-7397295409.18991,-6456076413.12033,-4098478747.63755
"Foreign direct investment, net inflows (BoP, current US$)",BX.KLT.DINV.CD.WD,Antigua and Barbuda,ATG,31485185.1851852,19351851.8518519,22944444.4444444,22774074.0740741,51792533.3333333,43115925.9259259,98452222.2222222,65865064.8148148,166321143.703704,80366585.1851852,220963374.074074,358820163.703704,338204733.333333,158783774.444445,80646652.5925926,96679207.7777778,65160596.2962963,129367138.888889,134288999.62963,46263101.049287,114024660.121814,97431976.4735789,156934594.922172,135127898.770161,..
"Foreign direct investment, net inflows (BoP, current US$)",BX.KLT.DINV.CD.WD,Argentina,ARG,5609423403.56467,6948536686.64725,9160272052.4446,7290657132.08156,23987696389.6428,10418314339.1428,2166136829.76399,2148910000,1652010000,4124710000,5265250000,5537347786.19331,6473157762.12915,9725553129.52469,4017158924.88408,11332718626.4345,10839930944.6815,15323933916.8241,9821661858.15874,5065335541.96486,11758994011.286,3260164341.77393,11516861462.2845,11872856662.7649,6244423191.86242
"Foreign direct investment, net inflows (BoP, current US$)",BX.KLT.DINV.CD.WD,Armenia,ARM,25320000,17570000,51940000,232375000,122034000,104188500,69868500,110725325.614409,122852992.703235,247140608.495888,292073220.164722,466531991.901724,667671562.134495,943733059.483284,760040745.87233,529321391.641959,653219756.47225,496636701.129687,346092394.393256,406578406.693112,184127986.314895,333733314.104601,250935110.239139,254146163.557324,254483084.278617
"Foreign direct investment, net inflows (BoP, current US$)",BX.KLT.DINV.CD.WD,Aruba,ABW,-5530726.25698324,85027932.9608939,197821229.050279,113463687.150838,467541899.441341,-127932960.893855,-266927374.301676,332513966.480447,159776536.312849,-105698324.022346,-207798005.868163,220316139.723839,-471005586.592179,18882681.5642458,-10614525.1396648,186759776.536313,488156424.581006,-314692737.430168,226371388.826816,250618094.972067,-28775856.424581,27551267.6251579,162463551.517038,134979426.030359,..
"Foreign direct investment, net inflows (BoP, current US$)",BX.KLT.DINV.CD.WD,Australia,AUS,13268875155.4923,4563952446.39275,8088068982.50254,7597610928.17343,2210917991.82997,14892978180.1828,10717133150.6924,14656321800.5386,8985246029.5004,42907672820.3756,-25093141435.1896,30551100656.5983,44440090037.7723,45160024270.9395,28683266147.8801,35210733743.0829,65554890649.5348,57550426822.6138,53997299139.8889,63195482811.6136,46892808567.8516,42980709071.9775,47541126471.9733,62173206194.0679,38605657232.8857
"Foreign direct investment, net inflows (BoP, current US$)",BX.KLT.DINV.CD.WD,Austria,AUT,1825089897.18,4323515256.75,2668974480.4,4571855469.05,2974499987.7481,8501013451.2622,5689434546.447,138346430.7562,6195021861.4636,3183649649.5378,81096089418.1187,10500457158.3387,68865787583.4398,6301143681.98313,14300064389.0078,-22007325156.2771,22983942931.9264,5218620112.78226,451107665.23086,1712175273.93122,-7975773543.9206,-28939340169.0264,13520042221.9993,4220346205.72346,13117080192.1808
"Foreign direct investment, net inflows (BoP, current US$)",BX.KLT.DINV.CD.WD,Azerbaijan,AZE,330050000,627277000,1114838000,1022967000,510317000,129937000,819579000,2024577000,4007330000,4719107000,4476396000,4485966000,4594234000,3986807000,2900030000,3352997000,4485120000,5293250000,2619437000,4430466000,4047630000,4499666000,2867487000,1402998000,1503918000
"Foreign direct investment, net inflows (BoP, current US$)",BX.KLT.DINV.CD.WD,"Bahamas, The",BHS,106900000,87800000,210000000,146900000,149300000,250250000,102370000,152790000,190200000,273600000,563414700,706380000,713350000,860156197.03,663960000,871970000,666621000,526171000,382252000,251277428.82,76075924.75,390400036.41,304587573.117333,491404689.229667,..
"Foreign direct investment, net inflows (BoP, current US$)",BX.KLT.DINV.CD.WD,Bahrain,BHR,430586743.724592,2048151879.61006,329284164.223769,179454413.27302,453737837.974613,363562321.906708,80358858.3697633,216986881.649309,516700276.442676,865308118.622994,1048601306.14142,2914659868.30075,1756312514.78198,1793998354.54447,257149561.420298,155771009.169721,780851063.829787,1544680851.06383,3727712765.95745,1518617021.2766,64893617.0212766,243351063.829787,518882978.723404,111170212.765957,..
"Foreign direct investment, net inflows (BoP, current US$)",BX.KLT.DINV.CD.WD,Bangladesh,BGD,1896372.12711773,13529831.5362586,139376153.115317,190059372.97475,179603006.318605,280384629.677983,78527040.0772574,52304931.038967,268285231.831689,448905400.707685,813321971.875196,456523167.703824,651029738.054822,1328422986.51751,901286583.13086,1232258246.59254,1264725163.33408,1584403459.98466,2602962095.36816,2539190939.6837,2831152765.15515,2332724780.71108,1810395803.56746,2940222419.73224,1596754107.45044
"Foreign direct investment, net inflows (BoP, current US$)",BX.KLT.DINV.CD.WD,Barbados,BRB,63803750.15,15836484.06,28203499.05,29160482.23,47539505.12,73696943.905,91504910.94,228343253.8,184701288.595,228334500,390061395.8643,342267498.215,476404576.96,615122884.63,356008255.11,425337312.585,459552936.365,528045664.5074,104089451.159478,753687476.11428,688525943.309105,557688983.739785,286157362.7436,195096000,..
"Foreign direct investment, net inflows (BoP, current US$)",BX.KLT.DINV.CD.WD,Belarus,BLR,14700000,104500000,351600000,203200000,444000000,118800000,95800000,247100000,171800000,163800000,306600000,357100000,1807300000,2187900000,1876500000,1393400000,4002400000,1463600000,2246100000,1862000000,1652300000,1246900000,1276300000,1426500000,1273300000
"Foreign direct investment, net inflows (BoP, current US$)",BX.KLT.DINV.CD.WD,Belgium,BEL,10688700000,14063900000,11998300000,22690500000,119692913000,88738714000,88203254000,18118954671.3727,34559267489.7083,44498165771.14,33662010793.5668,58821552824.3719,96551634531.2492,190391844688.586,77354509260.1052,125491894873.016,163624381384.585,11810272330.6794,-29640924980.1453,-15205871357.9654,-19514245854.7289,57538351507.0707,-36143116556.5224,-54788945348.7546,-28524583954.5454
"Foreign direct investment, net inflows (BoP, current US$)",BX.KLT.DINV.CD.WD,Belize,BLZ,21050000,16580000,11955000,17650000,58671500,29564651.9166666,61174888.8668778,25461176.8782397,-10924755.7533455,111496166.355423,126908465.922063,108828544.570357,140373737.268583,169668449.489583,108840086.423874,96449877.0838033,95348525.1917313,194201408.788436,92247730.9426541,141097030.34391,59119223.8981488,32733410.9928006,25637115.5013862,119541646.954707,..
"Foreign direct investment, net inflows (BoP, current US$)",BX.KLT.DINV.CD.WD,Benin,BEN,-7738379.60727878,-14661253.7760882,12183267.3373419,11294143.499927,9314781.87697622,-12794843.6146595,16739539.3415636,-19395622.6954977,10638088.2576383,-40774605.0603669,-8788860.12677506,-12363482.3642044,139189943.015454,48210757.8531253,-18807407.3780513,53507087.7359341,161302390.821902,281548556.296849,360343380.324674,405737328.599437,132101580.984443,131790853.840786,134502871.197888,140607611.803344,..
"Foreign direct investment, net inflows (BoP, current US$)",BX.KLT.DINV.CD.WD,Bermuda,BMU,..,..,34700000,102700000,60500000,66900000,41800000,5400000,12900000,831600000,43700000,-88170000,617153591.794277,171529641.632488,-70747817.1664244,222710475.853259,-257865988.558357,47614095.0743783,54904045.8298395,-3425440.52413015,-143094386.12,-73213793.633562,-288109270.997092,95689121.5,..
"Foreign direct investment, net inflows (BoP, current US$)",BX.KLT.DINV.CD.WD,Bhutan,BTN,50000,1400000,-700000,..,1050274.7623,..,..,2425411.8983,3370306.5262,8859907.5392,6210884.3537,6122702.14271106,73855769.764882,3144001.01949936,18299707.2343963,75274009.0283126,31141614.8601365,24380673.5733894,20433631.0650379,23534931.751976,6450953.8497443,11884162.3485119,-16553759.9525493,2649712.66204277,13032399.5767522
"Foreign direct investment, net inflows (BoP, current US$)",BX.KLT.DINV.CD.WD,Bolivia,BOL,392700000,474100000,730600000,949300000,1010500000,736350000,705756000,676543000,197400000,65430000,-238620000,280763457,366294241.538303,512335605.237139,423040000,621997989.548348,858941070.400943,1059965390.78481,1749612614.39791,656566350.80003,554643532.297183,335365530.426077,712474137.775022,302368781.37636,-159539118.413763
"Foreign direct investment, net inflows (BoP, current US$)",BX.KLT.DINV.CD.WD,Bosnia and Herzegovina,BIH,..,..,..,66736468.3604305,176780594.760508,146075610.876644,118495219.813023,267769568.956599,381784637.391406,889597294.548592,623812851.5592,845962876.359591,1841972230.25245,1004852659.85344,138511019.727863,443840207.092831,471610992.220788,391976946.375189,313295008.331529,544866345.45742,383089615.729344,313198153.358835,464142734.223779,488903026.034015,516390942.024884
"Foreign direct investment, net inflows (BoP, current US$)",BX.KLT.DINV.CD.WD,Botswana,BWA,70413220.7555472,71182310.7136661,100109748.737479,95318134.9210105,36675065.7829259,57171313.1719089,30680473.5531892,407997828.632639,418040911.863625,390889365.258246,420853645.921794,486912042.119022,494635511.689802,520918009.896953,208699416.069409,218380384.210613,293208111.899897,163223420.634153,67136668.8268654,515184275.524134,378553780.934978,122162734.741902,177114236.206951,228718290.832085,..
"Foreign direct investment, net inflows (BoP, current US$)",BX.KLT.DINV.CD.WD,Brazil,BRA,4859000000,12552000000,19650000000,31913000000,28384000000,32994718699.75,23225846372.251,16586600193.114,10123013670.9901,18181190855.2842,15459981604.1196,19378093068.2773,44579492463.6336,50716402711.4787,31480932200,82389933624.1,102427229784.41,92568379494.5,75211028087.44,87713987796.95,64738149686.45,74294617926.46,68885072605.58,78162572752.95,78559269882.31
"Foreign direct investment, net inflows (BoP, current US$)",BX.KLT.DINV.CD.WD,British Virgin Islands,VGB,-576710000,1109550000,3636650000,8777518710.3713,7915398865.6139,8073327000,3791260000,5451882000,9660121000,28309656000,-7142639000,12029088000,37163179000,52554448000,42212878000,51464048000,58182686000,75326209000,113423720000,55755698000,25360087000,49737748000,57635294000,44244376000,..
"Foreign direct investment, net inflows (BoP, current US$)",BX.KLT.DINV.CD.WD,Brunei Darussalam,BRN,582760563.3803,653600000,701740000,573250000,747868668.6923,549607250.7553,60694643.6567848,229671955.675395,123820911.146426,113205866.961457,175068516.562807,87839128.3133848,257635717.488309,222184549.489168,325586827.786629,480722546.956,691170274.5029,864905527.5015,775644683.5579,567889727.2383,171289167.823995,-150550827.310313,467927550.316567,516202620.629746,373256767.246304
"Foreign direct investment, net inflows (BoP, current US$)",BX.KLT.DINV.CD.WD,Bulgaria,BGR,90400000,109000000,504800000,537317256.150851,818788154.863275,1001503841.99968,812942201.973002,904659791.087722,2096788700.05598,3072550961.81564,4098122930.77934,7874476255.43262,13875270456.9117,10296720633.7243,3896664559.17164,1842900000,2103810000,1788110000,1989040000,1093600000,2179500000,1476500000,2020340000,1222580000,1504060000
"Foreign direct investment, net inflows (BoP, current US$)",BX.KLT.DINV.CD.WD,Burkina Faso,BFA,9816727.704,16225134.4927,9765809.0459,4407138.2079,7925950.8299,23107520.4782,6267060.8249,15026083.6628,29122505.1617,14348315.7765,52130040.8814284,83849256.0712148,21711800.9008661,33190579.8762819,56653992.3324814,38870701.3569488,143845512.327138,329281976.028321,490403410.536841,357296974.294135,231901703.683869,390622353.410172,2572690.32188177,268414907.946195,..
"Foreign direct investment, net inflows (BoP, current US$)",BX.KLT.DINV.CD.WD,Burundi,BDI,1981922.46479085,0,0,0,-475191.305312188,11683246.0769,-11440.9127038289,0,0,44690.7076028704,584701.692574561,31593.7781888499,500245.093059071,3833208.34759484,348404.534569828,780582.003631939,3354999.1805922,604919.651526489,116727136.517749,81747197.2345183,49622865.7705811,55420.3566564864,316473.449369742,983747.12499426,..
"Foreign direct investment, net inflows (BoP, current US$)",BX.KLT.DINV.CD.WD,Cabo Verde,CPV,26180647.1200555,28528007.7360696,11576610.7394555,6793745.39412884,53935025.3549158,34202238.3816146,9010186.20568656,14759046.6769552,39216510.8127633,67638273.8033899,80513541.3322083,131539968.034584,191764359.163339,210903689.269434,126003552.248347,116200563.572313,102246382.223796,128009964.769677,89297443.9961387,180589795.413074,96071472.8368678,126312006.101645,111711633.73814,107974093.736283,105301877.80146
"Foreign direct investment, net inflows (BoP, current US$)",BX.KLT.DINV.CD.WD,Cambodia,KHM,150800000,293600000,203700000,115871733.049309,102225822.011716,118308566.310881,146481995.063845,130956363.872694,81580650.5580651,131416229.281784,379180190.600283,483209382.712787,867288538.643543,815180217.958376,928393617.348897,1404315448.8853,1538883424.90021,1988100980.39316,2068470774.00468,1853471158.09921,1822804151.25712,2475915853.65763,2788084321.65816,3212633447.0447,3706032999.47048
"Foreign direct investment, net inflows (BoP, current US$)",BX.KLT.DINV.CD.WD,Cameroon,CMR,15105727.2922078,104417058.426533,149614497.755635,55231294.1577247,35009801.8441187,159708006.201387,-11668387.3783906,505256043.293607,334888535.860208,67984855.6422292,243601636.500456,59122291.3428058,189581294.625153,20995513.7446129,746276648.961818,536265313.198885,653266626.571786,527363935.614182,547404749.757182,725854540.914877,694336734.87982,663893595.165465,814458940.927625,765092012.778526,..
"Foreign direct investment, net inflows (BoP, current US$)",BX.KLT.DINV.CD.WD,Canada,CAN,13657593613.3371,8817677647.2938,15182400421.6905,24979208298.1649,27456044687.0987,68303350856.0836,28391098831.3382,24486425376.8819,7011792709.04631,1452416545.21802,25552226940.9281,64302303096.8668,120451484862.004,70119614332.5095,20951090410.3132,29714744325.4741,38338330427.428,49368985104.1989,67027866778.2682,64174605785.6347,59986208237.0735,34201872160.6085,29109803320.4342,46542783393.9787,44875983590.14
"Foreign direct investment, net inflows (BoP, current US$)",BX.KLT.DINV.CD.WD,Cayman Islands,CYM,50310000,1231710000,3150870000,4354110000,6475830000,9358723000,2133108000,2802975000,2602570000,3703461000,9506484000,24820937000,28210535000,19555735000,20298045000,10568946000,16716537000,9889386000,68000092000,49833203000,86943975000,2684234739.26842,3609446381.88845,57383579000,..
"Foreign direct investment, net inflows (BoP, current US$)",BX.KLT.DINV.CD.WD,Central African Republic,CAF,6200565.7641,10925575.5036,1497424.0537,7300593.9466,5976946.5274,889074.9126,5183898.8103,5644286.5587,11300000,15100000,10100000,34670000,56750000,117110000,42280000,61520000,36908455.8896,70035157.3289,1852792.6119,3475007.991,3000000,7251164.8533,6871735.8718,17994743.8433,..
"Foreign direct investment, net inflows (BoP, current US$)",BX.KLT.DINV.CD.WD,Chad,TCD,32611570.1155,39466173.5268,44293940.5725,21696680.4079,24524970.8055,115172421.5423,459866391.8291,924119210.0868,712663454.9209,466793492.1491,-99342519.3566,-278414000,-321655000,466131000,374900000,313000000,281900000,579793037.3908,520200793.458,-675545915.4299,559642022.5287,244516024.1216,334997123.7491,662206573.4331,..
"Foreign direct investment, net inflows (BoP, current US$)",BX.KLT.DINV.CD.WD,Channel Islands,CHI,..,..,..,..,..,..,..,..,..,..,..,..,..,..,..,..,..,..,..,..,..,..,..,..,..
"Foreign direct investment, net inflows (BoP, current US$)",BX.KLT.DINV.CD.WD,Chile,CHL,2957000000,4814616000,5271400000,4627817978,8761016217.84,4860015667.52,4199763048.85,2549923142.41108,4026497832.75699,6797252642.36959,7462207179.80944,7586190389.76648,13474760472.5025,18473102612.1039,13855126064.8962,16019683111.6555,24149598879.9503,30292554797.5389,20824865443.2657,23736252540.8038,21055618323.7462,12135710063.5419,5852183238.92468,6082221197.63492,..
"Foreign direct investment, net inflows (BoP, current US$)",BX.KLT.DINV.CD.WD,China,CHN,35849200000,40180000000,45439000000,45644000000,41014000000,42095300000,47053000000,53073618897.4036,57900937467.3864,68117272181.2194,104108693867.085,124082035618.506,156249335203.202,171534650311.569,131057052869.5,243703434558.178,280072219149.935,241213868161.42,290928431467.003,268097181064.335,242489331627.399,174749584584.051,166083755721.649,235365050036.341,155815344616.661
"Foreign direct investment, net inflows (BoP, current US$)",BX.KLT.DINV.CD.WD,Colombia,COL,968368273.647335,3111676589.81669,5562216361.61769,2828826261.61251,1507907130.44589,2436459923.42856,2541942612.20739,2133698124.14946,1720493455.49813,3115635873.52058,10235419011.1676,6750618034.74878,8885767539.67293,10564151395.4527,8034752815.57445,6429990957.31413,14647043118.4896,15039965981.2414,16210410261.4616,16168706611.2497,11723937065.5305,13847802735.2733,13836696227.15,11535119873.131,14493106067.6725
"Foreign direct investment, net inflows (BoP, current US$)",BX.KLT.DINV.CD.WD,Comoros,COM,889525.017698175,510000,20000,384216.3907,271000,93636.1151,1145914.9949,430423.4793,793243.734562107,672560.378635016,558865.800033746,778420.213878796,7691947.28915688,4650574.15690676,13839598.1677915,8350406.72212085,23118440.5401981,10375197.4614675,4230442.0646,4684558.67518389,4936699.51044482,3569823.72997207,3919473.02500831,6859922.78066133,..
"Foreign direct investment, net inflows (BoP, current US$)",BX.KLT.DINV.CD.WD,"Congo, Dem. Rep.",COD,-22350000,24790000,-44350000,61330000,11160000,94190400,102221900,187598693.6937,391254723.5501,409032814.5125,180000000,256100000,1808000000,1726800000,-243200000,2742300000,1596024303.85686,2891607809.09542,1697585830.80626,1499572152.49797,1165720010.30767,932374669.380907,1047979482.55526,1284643393.84758,..
"Foreign direct investment, net inflows (BoP, current US$)",BX.KLT.DINV.CD.WD,"Congo, Rep.",COG,112782084.60409,62427618.5785834,-49200799.9052804,-169664715.515787,-68273606.0797116,-97897925.1179687,-135361238.247372,199155450.954144,219545648.817082,88399286.0999307,800996241.640624,1487693084.45891,1422370639.41635,1940120150.91702,1184284700.65489,1520744890.62462,298288001.186385,-69253909.3686667,1878325499.2761,2887256932.11379,4278118364.98033,50574345.3391363,4406043657.3405,4313143665.0143,..
"Foreign direct investment, net inflows (BoP, current US$)",BX.KLT.DINV.CD.WD,Costa Rica,CRI,336900000,426950000,409440000,614500000,619469212,723426415.264239,621846413.159734,723172624.768835,774386239.764205,1083718486.49799,1528787464.115,1801002598.41588,2241492021.19677,2436112218.26755,1614614468.45234,1906923793.45078,2733268839.98155,2696295210.67893,3205384976.80294,3242149796.9724,2955521680.83967,2620435490.61534,2856006597.34999,2763898445.34094,2506488425.01376
"Foreign direct investment, net inflows (BoP, current US$)",BX.KLT.DINV.CD.WD,Cote d'Ivoire,CIV,211760840.4722,269194529.5884,415458076.4097,760099126.7086,235348766.1991,234701731.519,272679898.341,212580417.4534,165390571.2319,282979830.9625,349059586.543272,350964618.559397,443801751.423173,468377743.888902,397624744.268005,358468317.342002,301972462.517861,330255520.654571,407592122.101427,439356961.150901,494408755.776341,577871524.156215,975014998.795493,620330654.359791,..
"Foreign direct investment, net inflows (BoP, current US$)",BX.KLT.DINV.CD.WD,Croatia,HRV,108053139.664729,492528182.656309,596514805.246476,1004077219.78391,1454741833.64146,1015069996.97348,1036758145.87206,980784304.813265,1846434012.04769,1314179917.33292,1814728743.16264,3346611893.3292,4645807617.35418,5249620116.02881,3069599255.91982,1545050408.33734,1248979435.63125,1465100044.52763,937309759.586375,3184022339.46982,52276286.8024189,418512745.53143,476823315.600372,1212763554.01445,1170052265.37469
"Foreign direct investment, net inflows (BoP, current US$)",BX.KLT.DINV.CD.WD,Cuba,CUB,..,..,..,..,..,..,..,..,..,..,..,..,..,..,..,..,..,..,..,..,..,..,..,..,..
"Foreign direct investment, net inflows (BoP, current US$)",BX.KLT.DINV.CD.WD,Curacao,CUW,..,..,..,..,..,..,..,..,..,..,..,..,..,..,..,..,70502234.6368715,69702234.6368715,-1508379.88826815,69296089.3854749,146435754.189944,133083798.882682,172681564.24581,126888268.156425,..
"Foreign direct investment, net inflows (BoP, current US$)",BX.KLT.DINV.CD.WD,Cyprus,CYP,243136818.61367,233749453.825101,546519214.603177,345398143.229373,813054280.084962,854874285.662107,944742873.957096,1103449726.13198,908147517.991038,1118841808.54652,1161973511.03819,1871897927.22823,2294635570.94301,12297296307.4338,64632059145.0646,31031904287.2207,40445860585.079,69972767553.5798,25966316070.542,51738978689.3287,28960532080.4594,8508203489.4199,18360048657.1823,5206751664.27152,23840776170.5538
"Foreign direct investment, net inflows (BoP, current US$)",BX.KLT.DINV.CD.WD,Czech Republic,CZE,2567564641.62698,1435279128.15383,1286492873.14104,3700169387.63107,6312596675.96249,4987079129.26384,5640707235.87483,8496609035.7758,2021275745.95501,6423465150.75736,13730164683.4592,7132002407.70599,13815656003.7033,8815393022.10815,5271613701.7927,10167834374.8186,4188736491.29368,9433199804.77647,7357578652.57,8088661929.8803,1699914616.60242,10850612308.2062,11234740946.0941,8324668391.46793,9332858120.79602
"Foreign direct investment, net inflows (BoP, current US$)",BX.KLT.DINV.CD.WD,Denmark,DNK,4139423319.68617,773444115.829278,2791671359.18635,6674661469.00366,16847919225.9809,36013297907.195,9286404805.96887,4430703178.95052,1184825159.91313,-8804165491.1002,12847031342.3671,2385249288.38419,11809448518.2128,2191215665.76653,3771059440.08035,-11767861925.0632,13558894634.3461,-16349825685.2634,680338945.938662,6577348986.65252,1850770714.86075,7804020827.15213,3376912366.96593,1166205135.1967,-6470896049.60664
"Foreign direct investment, net inflows (BoP, current US$)",BX.KLT.DINV.CD.WD,Djibouti,DJI,3218527.9173536,3263542.29382009,3100365.17912908,3173513.54088712,3212901.12029529,3286049.48205333,3392958.62616123,3432346.2055694,14224542.9634089,38543559.8494269,22203341.1920932,108287709.387185,195351140.270424,227654582.182184,96859684.5617569,36501032.5172602,79000230.6986794,109998255.692912,286004467.676864,152998382.294329,143849876.209768,159998874.634256,164933603.421112,170003376.097232,..
"Foreign direct investment, net inflows (BoP, current US$)",BX.KLT.DINV.CD.WD,Dominica,DMA,54092592.5925926,17800000,21114814.8148148,6511111.11111111,17955555.5555556,17596296.2962963,17115925.9259259,20110637.037037,31472140.7407407,26173948.1481481,19235559.2592593,25907525.9259259,40486774.8148148,56548262.962963,42420685.5555556,24341705.1851852,14192972.5925926,23152398.1481481,17915757.4074074,14324196.1365035,11051185.7333333,41156158.6405556,24103787.493769,13286694.9945287,..
"Foreign direct investment, net inflows (BoP, current US$)",BX.KLT.DINV.CD.WD,Dominican Republic,DOM,417400000,134200000,408700000,668900000,1344900000,989000000,1087900000,926000000,616530000,934480000,1118400000,1528700000,2252900000,2728400000,1695300000,1820200000,2197500000,3415900000,1599900000,2385300000,2227300000,2516100000,3597900000,2744500000,2824500000
"Foreign direct investment, net inflows (BoP, current US$)",BX.KLT.DINV.CD.WD,Ecuador,ECU,452480000,499680000,723950000,869980000,648410000,-23439367.9139981,538568575.17,783261009.55,871513414.023619,836939593.895645,493413835.545644,271428852.53,193872526.93,1057404020.15482,308629890.109,165893320.363638,646084358.687904,567417300.85638,727081206.263418,772389946.091118,1322701337.30748,754610868.12224,624545412.259196,1455697145.23622,966153269.513026
"Foreign direct investment, net inflows (BoP, current US$)",BX.KLT.DINV.CD.WD,"Egypt, Arab Rep.",EGY,598000000,636000000,890550000,1076000000,1065300000,1235000000,509900000,646900000,237400000,1253300000,5375600000,10042800000,11578100000,9494600000,6711600000,6385600000,-482700000,2797700000,4192200000,4612200000,6925200000,8106800000,7408700000,8141300000,9010100000
"Foreign direct investment, net inflows (BoP, current US$)",BX.KLT.DINV.CD.WD,El Salvador,SLV,38037218.5997811,..,59043540.3283369,1102684180.4683,215800000,173400000,278900000,470000000,141200000,363270000,511140000,241130000,1550510000,903050000,368730000,-113160683.724283,122500004.314785,430126687.532424,245179098.280128,506295970.34993,494541718.092298,479469380.713821,503801415.183001,412743968.360673,724753960.841659
"Foreign direct investment, net inflows (BoP, current US$)",BX.KLT.DINV.CD.WD,Equatorial Guinea,GNQ,126924170.672485,376180404.220707,53451528.1778,274768116.7281,154296173.9421,154499589.8738,940741215.6788,323391507.4578,689779766.0014,340914468.516,769146185.1714,469506014.6494,1242731087.2645,-793872332.8234,1636219625.3171,2734000000,1975000000,985256411.512,582948749.0891,167875182.5769,233325072.8367,53962157.0475,304074312.3261,395884364.5524,..
"Foreign direct investment, net inflows (BoP, current US$)",BX.KLT.DINV.CD.WD,Eritrea,ERI,..,36669547.2231249,40797036.645433,45493.2775877118,83222100,27870106.71,12131626.5,22766165.86,24999786.56,24103664.84,1431553.832,15375609.76,7206504.065,39000000,91000000,91000000,39000000,41358000,43859000,46511000,49323000,52305000,55468000,61015000,..
"Foreign direct investment, net inflows (BoP, current US$)",BX.KLT.DINV.CD.WD,Estonia,EST,206807479.410852,165850731.382423,274049611.936437,595587942.514285,325892789.377935,416214286.787887,592889580.182473,338234260.376913,1038244664.19462,1086893435.16595,3057558404.59856,1758167635.56107,3033145919.87663,1977264596.96389,1866296946.5753,2592255114.54214,1119148299.05952,1787341526.52251,1097942106.98722,1781648554.48117,-715465129.889752,925591829.452864,1703867592.55708,1180195916.01414,2897709701.44541
"Foreign direct investment, net inflows (BoP, current US$)",BX.KLT.DINV.CD.WD,Eswatini,SWZ,51756162.3176738,21715844.9757609,-15313929.4778566,152720441.740438,98270489.5571516,90658006.1898746,29330084.3469719,92945313.1719951,-60190680.4797119,69582011.8372508,-45850344.677386,121031132.733167,37493846.2379167,105729374.657006,65705859.515037,135660413.694601,98708321.7157849,26480002.3332333,81790158.3971155,25782635.1713071,31498094.370293,26852077.6519874,-57647593.3929901,31130826.6571528,127970921.965401
"Foreign direct investment, net inflows (BoP, current US$)",BX.KLT.DINV.CD.WD,Ethiopia,ETH,14140000,21930000,288490000,260670000,69980000,134640000,349400000,255000000,465000000,545100000,265111675.482385,545257102.178304,222000572.994807,108537543.965443,221459581.361984,288271568.250744,628624805.998665,278562822.162861,1343876023.73137,1855052153.64106,2626517918.313,4142937496.46329,4017159564.65434,3360419368.65295,..
"Foreign direct investment, net inflows (BoP, current US$)",BX.KLT.DINV.CD.WD,Faroe Islands,FRO,..,..,..,..,..,..,..,..,..,..,..,..,..,..,..,..,..,..,..,..,..,..,..,..,..
"Foreign direct investment, net inflows (BoP, current US$)",BX.KLT.DINV.CD.WD,Fiji,FJI,-22683100.2607253,-72186987.8144374,-60193603.1308986,20334035.1819074,-147083835.755537,591375.114626136,41301896.3502762,30672578.3302519,40310494.5421484,250597673.082846,172951928.727855,583975309.323135,464230334.109297,679220489.280091,308373711.003253,178091735.587235,217158525.728722,277313671.991809,243782754.036692,377869372.267012,205373209.116505,391619655.400882,387602565.305446,468861002.876235,322557661.380993
"Foreign direct investment, net inflows (BoP, current US$)",BX.KLT.DINV.CD.WD,Finland,FIN,1450710446.10372,752969481.736254,2454075989.11364,12514915951.3826,7797795098.68132,13502068644.6075,3224710299.84935,8094575465.0898,5965369887.32257,6777097341.61978,10867806670.7034,4638725790.33149,21979356204.6662,19406664159.1788,-8825823233.80591,12221008932.1761,-6008001205.17497,4931090894.98316,-4940676481.36146,17249501282.325,16849216580.0284,4877520441.72379,16393910939.5675,-10591740312.5275,8279468057.11583
"Foreign direct investment, net inflows (BoP, current US$)",BX.KLT.DINV.CD.WD,France,FRA,23736300874.0228,21971888803.0024,23047924754.756,29518429032.2114,45971216472.0879,41389082664.7616,50142053918.8897,51550483853.8505,42350800678.3511,35608535812.8721,85137061931.2541,78957053786.1346,83777598395.4508,67997446904.973,18422928061.9127,38889439213.3127,44205811126.5792,32944663317.8723,31589283790.5546,5804878132.66663,42825414105.9412,32803666728.5947,37559363019.0513,59857774930.3435,67113490693.5552
"Foreign direct investment, net inflows (BoP, current US$)",BX.KLT.DINV.CD.WD,French Polynesia,PYF,2080000,3550000,14370000,10730000,4430000,9874718.9976,23688754.463,10930935.8556037,58213238.4950583,6420023.00862775,7818937.09019394,30649550.5407316,58249411.6366849,13884094.4749379,21843717.5640801,64303751.4213863,133839517.312067,147199569.589671,99207173.3507257,61928773.3065056,26007149.1590192,61544514.3227108,79070196.5652,58721896.4434,..
"Foreign direct investment, net inflows (BoP, current US$)",BX.KLT.DINV.CD.WD,Gabon,GAB,-195496960.295521,-285112515.098994,-114712203.811615,132605754.18622,89452781.6263726,278061231.967685,-100615451.014713,1160708.31013769,99666154.0233406,313970792.039638,326161877.897877,267805000,654808577.188853,693511288.988999,635674956.848352,523939106.191844,1123536918.98497,677327365.545557,324032442.445876,1263109047.12989,41707702.3264655,1241129612.0929,1498038420.0471,845752960.6347,..
"Foreign direct investment, net inflows (BoP, current US$)",BX.KLT.DINV.CD.WD,"Gambia, The",GMB,7729249.07225427,10655113.9800558,11666476.0379732,23700000,49480000,43520000,35480000,42826666.6667,18272720.342347,55526319.4407831,53650280.0190841,82208102.587765,78094820.9585794,70792382.3207138,39447343.7084005,37140887.8131734,36077136.0813735,41183457.7698366,68340322.378848,23014092.0424561,-1692732.88803125,-1132320.07009154,5445631.48903737,32957945.2678928,..
"Foreign direct investment, net inflows (BoP, current US$)",BX.KLT.DINV.CD.WD,Georgia,GEO,..,..,242500000,265300000,82300000,131466678.34,109871635.49,160398660.46,334891041.62,492732940.01,453107292.01,1171394522.25,1892093991.1,1602232455.97,660800885.27,920915812.73,1170087549.5,968196197.63,1046562195.15,1836879042.83,1735285391.9,1656154173.89,1902468436.8,1218652826.35,1268912419.55
"Foreign direct investment, net inflows (BoP, current US$)",BX.KLT.DINV.CD.WD,Germany,DEU,12041505212.6412,15591797828.854,18638443893.681,29526509277.4565,86035665071.2087,248007397121.858,56948542386.9082,51268214890.625,65401516009.2498,-20408419557.1429,59835195025.1919,87444159239.0618,50847183837.0154,30954735498.0251,56701916794.9699,86037502102.1645,97535403952.55,65443087632.2705,67199694458.9374,19488312315.4146,62422464518.9402,64707795193.3638,118225590102.648,167955928198.984,51011238864.5835
"Foreign direct investment, net inflows (BoP, current US$)",BX.KLT.DINV.CD.WD,Ghana,GHA,106500000,120000000,81800000,167400000,243700000,165900000,89320000,58930000,136751000,139270000,144970000,636010000,1383177929.85458,2714916343.69978,2372540000,2527350000,3247588000,3294520000,3227000000,3363389444.44444,3192320530.7897,3485333369.27964,3254990000,2989035000,..
"Foreign direct investment, net inflows (BoP, current US$)",BX.KLT.DINV.CD.WD,Gibraltar,GIB,..,..,..,..,..,..,..,..,..,..,..,..,..,..,..,..,..,..,..,..,..,..,..,..,..
"Foreign direct investment, net inflows (BoP, current US$)",BX.KLT.DINV.CD.WD,Greece,GRC,1053000000,1058000000,984000000,71200000,82701091.4183129,-8195469.28845539,2001266.56220178,34180546.5370646,1408086698.62351,2147927926.75839,688484256.649089,5411403362.23122,1957124444.19443,5733447473.24929,2766296835.47191,532926980.500455,1092191387.83039,1662090329.83805,2945271844.6857,2697339246.05446,1268938505.86333,2698544612.16074,3439131879.75518,4025447788.57701,4611617007.82919
"Foreign direct investment, net inflows (BoP, current US$)",BX.KLT.DINV.CD.WD,Greenland,GRL,..,..,..,..,..,..,..,..,..,..,..,..,..,..,..,..,..,..,..,..,..,..,..,..,..
"Foreign direct investment, net inflows (BoP, current US$)",BX.KLT.DINV.CD.WD,Grenada,GRD,19977777.7777778,16962962.962963,33500000,48685185.1851852,41551851.8518519,37407407.4074074,58748148.1481481,54488888.8888889,89166666.6666667,65014333.3333333,70157129.6296296,89787148.1481481,156554796.666667,134832583.333333,102556362.962963,60420861.1111111,42648183.7037037,31489862.962963,74688413.3333333,103996038.709259,153325880.36738,113533411.232282,138812161.45886,153748019.800794,..
"Foreign direct investment, net inflows (BoP, current US$)",BX.KLT.DINV.CD.WD,Guam,GUM,..,..,..,..,..,..,..,..,..,..,..,..,..,..,..,..,..,..,..,..,..,..,..,..,..
"Foreign direct investment, net inflows (BoP, current US$)",BX.KLT.DINV.CD.WD,Guatemala,GTM,75200000,76900000,631400000,1346300000,924600000,-788600000,-936494410.38247,-1016996773.78154,19488617.59936,321400000,540000000,635300000,859200000,731386670,499821250,1102460180,876760590,1399819890,1522143500,1407555280,1203355080,845786560,998344470,935617740,966759860
"Foreign direct investment, net inflows (BoP, current US$)",BX.KLT.DINV.CD.WD,Guinea,GIN,769000,23774000,17301000,17810000,63452427,9942000,1677000,30000000,78966000,97900000,105000000,125000000,385900000,381880000,91030000,101350000,956060000,605560000,189999.999999999,-73758603.6635933,53272458.4212994,1618447260.26485,577590000,352760000,..
"Foreign direct investment, net inflows (BoP, current US$)",BX.KLT.DINV.CD.WD,Guinea-Bissau,GNB,40000,1030000,11479108.8785,4407138.2079,730876.6134,702270.8631,395613.596288615,3545253.68893724,4005503.68688217,1915633.35188715,8692468.08975684,17887123.5620828,18770117.49192,6630074.02775762,18890200,26240200,25024047.388377,6624917.19274534,19639703.7983811,28852727.6882278,18575499.4478127,14221700,15652439.9647063,20553776.349135,..
"Foreign direct investment, net inflows (BoP, current US$)",BX.KLT.DINV.CD.WD,Guyana,GUY,74420000,59000000,52000000,44000000,46000000,67100000,56000000,43600000,26100000,30000000,76800000,102400000,152400000,178000000,164000000,198000000,246800000,277910000,200558390,237750048.55,137700000,162654036.352959,327343651.21783,1180405596.06866,..
"Foreign direct investment, net inflows (BoP, current US$)",BX.KLT.DINV.CD.WD,Haiti,HTI,7400000,4100000,4000000,10760000,30000000,13250000,4400000,5700000,13800000,5900000,26000000,160600000,74500000,29800000,55470000,178000000,119000000,156000000,161918586.25,99000000,105680000,104900000,374855000,105000000,..
"Foreign direct investment, net inflows (BoP, current US$)",BX.KLT.DINV.CD.WD,Honduras,HND,50000000,90900000,121500000,99000000,237300000,349978000,309826700,287314900,390166272.910663,592120092.945897,601059572.180071,717591908.177828,966926354.327952,1200798087.04613,494497450.521718,607376418.071286,1042571020.7703,1081346795.58822,1069029263.15978,1704790710.03868,1316679827.33597,1147030449.99683,949955941.51778,1442587576.2096,955095297.980428
"Foreign direct investment, net inflows (BoP, current US$)",BX.KLT.DINV.CD.WD,"Hong Kong SAR, China",HKG,6213362503.5989,10460173705.3332,11368147926.4908,13939361335.8582,25355410569.0154,70495739305.8458,31291719644.6149,6747855220.81764,18567357065.233,22194238604.966,40963127270.6954,44901793968.8764,62121011424.0703,67035187587.6672,54275707074.2543,82709142976.2978,96135081265.0953,74887135901.3219,76857453417.8737,129847455921.475,181047431127.246,133259182324.997,125716724339.795,97036255478.9459,53171228235.9114
"Foreign direct investment, net inflows (BoP, current US$)",BX.KLT.DINV.CD.WD,Hungary,HUN,4804151332.43276,3288936448.51943,4164123319.5914,3261654749.79361,3384965975.25316,2747712559.81382,4058819560.69834,3643428379.51995,4157510420.33352,4538099567.15789,27489690204.0215,18678720024.6862,70631297038.9164,75107772943.2045,-2792080129.12211,-20770280260.78,10740966550.9834,10815928328.3018,-3586600504.51759,13060104658.7999,-5266437314.96472,69681210262.328,-12174325328.2763,-65534350921.8198,6092445979.40677
"Foreign direct investment, net inflows (BoP, current US$)",BX.KLT.DINV.CD.WD,Iceland,ISL,-9309003.2336037,83381484.1223949,148012830.038199,154082591.966407,66639312.8881673,155160734.106047,163445772.282048,91905493.0570106,335355205.005774,755317000.399857,3093680067.57088,3876554983.10737,6872169567.20657,1203686964.67602,63588140.7547116,256983101.147756,1106959488.56097,1024171887.36559,472607545.774898,766775539.042214,1145767444.82301,-1066286957.46864,-6999892980.93709,-612404228.095521,-435539383.087945
"Foreign direct investment, net inflows (BoP, current US$)",BX.KLT.DINV.CD.WD,India,IND,2143628110.28392,2426057021.91092,3577330042.34586,2634651657.77141,2168591054.37924,3584217307.18756,5128093561.62688,5208967106.27894,3681984671.43429,5429250989.85717,7269407225.61438,20029119267.1396,25227740886.6819,43406277075.8109,35581372929.6642,27396885033.7839,36498654597.8589,23995685014.2142,28153031270.3203,34576643694.1383,44009492129.5319,44458571545.798,39966091358.7384,42117450737.2644,50605327353.5912
"Foreign direct investment, net inflows (BoP, current US$)",BX.KLT.DINV.CD.WD,Indonesia,IDN,4346000000,6194000000,4677000000,-240800000,-1865620963.49087,-4550355285.71428,-2977391857.14286,145085548.722222,-596923827.786241,1896082770,8336257207.64285,4914201435.40071,6928480000,9318453649.82664,4877369178.43651,15292009410.5099,20564938226.7185,21200778607.8727,23281742361.5305,25120732059.5134,19779127976.9576,4541713739.23769,20510310832.4469,18909826043.5105,24581570010.8117
"Foreign direct investment, net inflows (BoP, current US$)",BX.KLT.DINV.CD.WD,"Iran, Islamic Rep.",IRN,17000000,26000000,53000000,24000000,35000000,39000000,408118760,3519380360,2877481500,3037299840,2889191670,2317538500,2017791750,1979988010,2983421910,3648972410,4276718690,4661734400,3049945000,2105494000,2050000000,3372000000,5019000000,3480333000,..
"Foreign direct investment, net inflows (BoP, current US$)",BX.KLT.DINV.CD.WD,Iraq,IRQ,..,-1994000,1153000,7388000,..,-32000,-6656000,-326000,1000000000,300000000,515300000,383000000,971800000,1855700000,1598300000,1396200000,2082000000,3400000000,-2335300000,-10176400000,-7574200000,-6255900000,-5032400000,-4885100000,-3009600000
"Foreign direct investment, net inflows (BoP, current US$)",BX.KLT.DINV.CD.WD,Ireland,IRL,1442925000,2617483000,2028797560,8862216450,18210641713.9077,25779436152.5705,9650920349.706,29323796527.2222,22781292817.2057,-10607612697.3484,47001243614.0882,22070063905.101,59934755383.4491,23287686335.9741,53974309647.053,37748455283.6941,23699352432.596,40945788779.935,49966493738.6368,86805953553.0562,235506013672.716,79189928474.6896,58300808407.7812,64535780983.1594,-79268914357.3595
"Foreign direct investment, net inflows (BoP, current US$)",BX.KLT.DINV.CD.WD,Isle of Man,IMN,..,..,..,..,..,..,..,..,..,..,..,..,..,..,..,..,..,..,..,..,..,..,..,..,..
"Foreign direct investment, net inflows (BoP, current US$)",BX.KLT.DINV.CD.WD,Israel,ISR,1350300000,1397100000,1633800000,1737400000,4150000000,8047500000,1771300000,1582500000,3322000000,2946900000,4818400000,14395500000,8798100000,10274200000,4606900000,6984700000,8653000000,9017300000,11842200000,6048900000,11336200000,11988000000,18168900000,20788600000,18224000000
"Foreign direct investment, net inflows (BoP, current US$)",BX.KLT.DINV.CD.WD,Italy,ITA,4843882770.49676,3548937154.07852,3687266505.51482,2640065101.35419,6941768225.12822,13172981900.3998,14878086498.8455,17239360004.8835,19572886733.5724,20100742901.8038,36762073074.9392,56995485107.0102,65975535145.4862,-9501579210.46557,16607196344.8456,9930501390.90911,34465481829.5319,34901033.0148706,19531411961.8185,17032744039.0435,13303439230.2375,25656663794.792,11138429977.1854,39613297744.1484,29220591589.881
"Foreign direct investment, net inflows (BoP, current US$)",BX.KLT.DINV.CD.WD,Jamaica,JAM,101800000,135700000,155700000,322100000,474700000,419600000,576500000,443800000,683500000,559365888.026738,637901995.872958,842342788.336148,811902426.322257,1376602630.06182,485164640.147181,185775630.598887,172757165.409787,413333448.071632,544747561.767059,582148741.614112,924977863.710038,927976718.982491,888835228.478601,774620603.11409,..
"Foreign direct investment, net inflows (BoP, current US$)",BX.KLT.DINV.CD.WD,Japan,JPN,41463072.3499,-38203596.3353635,2486935040.42281,2512021924.4741,14780510030.7061,10688168325.6084,4926033619.18462,11557373873.9419,8771535612.31506,7527948175.22325,5459618342.94079,-2396909736.30508,21631204435.6847,24624845329.5648,12226471578.7439,7440979284.16286,-850717035.068239,546962692.190728,10648441636.2071,19752249424.0871,5252218412.39172,40954181468.5533,18802251208.1069,24605910854.4883,37176832958.3322
"Foreign direct investment, net inflows (BoP, current US$)",BX.KLT.DINV.CD.WD,Jordan,JOR,13308089.2065636,15514809.5909732,360930888.575458,310014104.372356,157968970.380818,913258110.014104,273628171.251894,238222874.679327,546967559.943583,936812411.847673,1984485190.40903,3544005641.74894,2622144778.84372,2826744496.33301,2413098591.5493,1688394366.19718,1486056338.02817,1548450704.22535,1946597204.0421,2178450704.22535,1600281690.14085,1552957746.47887,2029718309.85915,949859154.929577,..
"Foreign direct investment, net inflows (BoP, current US$)",BX.KLT.DINV.CD.WD,Kazakhstan,KAZ,964200000,1137000000,1321400000,1151400000,1587000000,1370521199.1464,2816823050,2588491060,2483253230,5615262947,2546065710,7611168450,11972842988.7618,16818890680,14275888207.0145,7456117901.08145,13760291528.5034,13648134373.8439,10011293285.3074,7308112644.25121,6577824049.679,17220962547.9215,4712631470.52606,213930934.55809,3587949040.68398
"Foreign direct investment, net inflows (BoP, current US$)",BX.KLT.DINV.CD.WD,Kenya,KEN,42289248.4582554,108672931.624341,62096809.7799305,26548245.9700464,51953455.9539555,110904550.399762,5302622.93940566,27618447.058206,81738242.6366213,46063931.4543862,21211685.395223,50674725.1830696,729044146.04372,95585680.233444,116257608.986359,178064606.752108,1450474757.0818,1380173661.94265,1118825000.19331,820937598.36054,619724470.476665,393359420.852844,671488392.89233,1625921493.6155,..
"Foreign direct investment, net inflows (BoP, current US$)",BX.KLT.DINV.CD.WD,Kiribati,KIR,387685.967,538400.1377,512104.9741,439745.4502,451627.4719,721810.2654,-273476.291,249788.108,670758.9937,1953667.9537,2606016.1745,568432.866937296,1153044.68975732,-1267679.26219092,4995548.97813979,-6602470.86768583,-348737.579186123,-2385943.8195343,838137.953237839,2632144.43660902,-819824.352875235,1806963.91645454,784797.254894666,-1144364.71702219,..
"Foreign direct investment, net inflows (BoP, current US$)",BX.KLT.DINV.CD.WD,"Korea, Dem. People’s Rep.",PRK,..,665000,..,30688000,..,8302000,-19841000,5596000,5704000,64959000,-5980000,-235791000,22053000,170965000,86348000,13585000,103125000,205213000,119008000,102412000,79435000,89275000,-12791000,51973000,..
"Foreign direct investment, net inflows (BoP, current US$)",BX.KLT.DINV.CD.WD,"Korea, Rep.",KOR,2487100000,2782600000,3301100000,5989200000,10726300000,11509400000,6522300000,5475100000,7010000000,13294400000,13643200000,9161900000,8826900000,11187500000,9021900000,9497400000,9773000000,9495900000,12766600000,9273600000,4104100000,12104300000,17912900000,12182600000,10565600000
"Foreign direct investment, net inflows (BoP, current US$)",BX.KLT.DINV.CD.WD,Kosovo,XKX,..,..,..,..,..,..,..,..,..,53385314.2551203,133876754.527934,370137201.266922,604021946.438664,538963527.38927,403147913.0877,490048756.138963,535326481.785879,293089797.087297,371492237.25682,199888379.069603,343350610.602171,243787145.164531,286835212.112418,318542991.552639,304085465.608352
"Foreign direct investment, net inflows (BoP, current US$)",BX.KLT.DINV.CD.WD,Kuwait,KWT,6701341.17431204,347351454.621611,19779208.9756995,59063714.1284736,72269842.4517434,16299834.3665165,-111516284.529561,3619441.97735906,-67111499.338334,23752969.1211401,233904109.589041,121305596.280329,111535690.174729,-5951752.85941426,1113588046.64934,1304627500.01185,3259067552.4562,2872588962.21562,1433630444.12308,485806657.755081,284647623.805362,292026510.202096,113012065.007347,-21377568.8207293,..
"Foreign direct investment, net inflows (BoP, current US$)",BX.KLT.DINV.CD.WD,Kyrgyz Republic,KGZ,96090000,47238000,83820000,109228485,44412800,-2360124.96095706,5006732.8770432,4661963.54471303,45544627.8,175458810.076826,42565248.3,182022902.5,207919477.6,376992152.1,189377400,472768300,685760800,260927500,612016900,343010700,1144054000,619220700,-107212800,144222600,..
"Foreign direct investment, net inflows (BoP, current US$)",BX.KLT.DINV.CD.WD,Lao PDR,LAO,95100000,159800000,91000000,45900000,78900000,33890000,23904284.1333334,4451297.0311068,19484000.8001107,16917263,27720000,187310641,323520000,227770000,318598209.09,278805903.12,300743507.13,617755394.539664,681397257.103792,867646121.708671,1077759914.58895,935296172.783645,1693080810.93877,1319609797.48538,..
"Foreign direct investment, net inflows (BoP, current US$)",BX.KLT.DINV.CD.WD,Latvia,LVA,244039000,331352000,474354000,371400000,348100000,324184857.470559,173500715.825038,160090702.160429,316652176.393834,591589970.743147,809856372.419331,1705667383.81543,2713412662.12004,1434273758.18365,-150022148.439267,474983591.197691,1519518896.45563,1080778947.54653,989283879.359479,1041084910.43514,812843819.517903,333187719.940926,1136438829.79794,446985589.697802,898995181.682903
"Foreign direct investment, net inflows (BoP, current US$)",BX.KLT.DINV.CD.WD,Lebanon,LBN,35000000,80000000,1799600000,1134903120.8601,871676542.1389,993475000,1453907000,1335970000,2860020313.18819,1898780570.45821,2623502612.40255,2674534372.19901,3375980757.8597,4333045470.38383,4803602660.45614,4279880834.52716,3137050288.4,3111315000.1,2661087127.6,2862509426.6,2159289951.7,2568485071.1,2522409653.4,2632087415.3,..
"Foreign direct investment, net inflows (BoP, current US$)",BX.KLT.DINV.CD.WD,Lesotho,LSO,24174395.0302766,29073745.8343941,32675626.1350335,28350349.463771,22037254.5892869,32402238.3047626,29695295.7823737,28390464.7236761,43946224.7863116,55669445.7206614,27441449.2287924,24322286.6909769,75616001.7238195,11009973.0619522,91349553.1016211,9512771.54966932,61173319.2085146,56653435.2330933,50429031.3406278,94459059.3645602,206514459.900398,159186980.401288,123091950.447623,128696373.48374,117645547.235875
"Foreign direct investment, net inflows (BoP, current US$)",BX.KLT.DINV.CD.WD,Liberia,LBR,4600000,-132130000,213820000,190310000,256260000,20800000,8300000,2800000,372220000,75351731.6495429,82802111.438061,107856671.533941,131637661.595465,283536077.408015,127803424.522852,2064680994.23868,2086006933.33333,2309981241.25,1998675365.66,501870828.620424,232679832.473779,311699760.322875,247842983.01405,129129754.833293,..
"Foreign direct investment, net inflows (BoP, current US$)",BX.KLT.DINV.CD.WD,Libya,LBY,-88486065.3924703,-111721670.754033,-67915602.7333997,-127894074.619937,-128069471.477123,141000000,-133000000,145000000,143000000,357000000,1038000000,2064000000,4689000000,4111300000,1371000000,1784000000,0,1425000000,702000000,0,0,0,0,0,..
"Foreign direct investment, net inflows (BoP, current US$)",BX.KLT.DINV.CD.WD,Liechtenstein,LIE,..,..,..,..,..,19854574737.6898,9389136115.5717,6864257254.8617,17305461701.2587,1845838359.4692,-266949356.7195,44598433611.9441,33538242375.2676,16214866193.267,29934896948.2693,29875940865.4872,26414902947.0333,29482974346.8535,1154916692.2121,9340073894.6221,80400430107.7698,60669833862.7331,38999586460.5875,-87212093508.4059,..
"Foreign direct investment, net inflows (BoP, current US$)",BX.KLT.DINV.CD.WD,Lithuania,LTU,72557500,152400000,362287500,918775000,564537500,380272500,442400000,660790497.921648,217398839.893754,871636185.309164,1292673341.91889,2259320966.19346,2601625489.59341,1727660745.67137,-360225678.65462,1102761171.53247,1881321392.61323,676639240.902079,714214806.659026,356531512.743346,1043676603.7927,962458735.885536,1191438300.52159,867654602.336174,1353295478.3658
"Foreign direct investment, net inflows (BoP, current US$)",BX.KLT.DINV.CD.WD,Luxembourg,LUX,..,..,..,..,..,..,..,4243174364.5005,4291105683.3033,5179643438.6893,4644769483.4104,32219534640.6721,-29679425810.0454,7117112828.2126,27255154248.9126,39128528763.1863,8843156716.781,25497381440.6895,16003260931.6227,18867498971.7803,12494731938.8683,31878014247.1572,-6798512508.4517,-5615033227.4932,..
"Foreign direct investment, net inflows (BoP, current US$)",BX.KLT.DINV.CD.WD,"Macao SAR, China",MAC,2190000,5940000,2310000,-17890000,9420000,-790000,160004979.1498,393961071.024012,506111200.953585,771496386.166368,1775023637.88001,2916866632.75465,5357705782.91685,3982611127.76312,-412628142.371367,3629274388.55484,1754336190.32972,3565735906.12656,3736886589.35297,2362348381.00774,367365411.607707,1673382571.31455,615627113.101531,2325541186.8549,..
"Foreign direct investment, net inflows (BoP, current US$)",BX.KLT.DINV.CD.WD,Madagascar,MDG,9710167.97434065,10161891.7977258,14005421.1259566,16635429.8022046,58385285.9149158,82952580.7054987,93059224,14661798.0720596,12874087,52910748.0000001,85428623.9021933,294681941.542683,789389724.084497,1134497642.42091,1293330142.26094,912287179.835569,815534454.532063,814789934.7302,565848886.014277,555252070.503376,328059305.56932,540842779.829334,464856589.648809,612036371.422122,..
"Foreign direct investment, net inflows (BoP, current US$)",BX.KLT.DINV.CD.WD,Malawi,MWI,5643045.57927182,15797661.1266005,14868714.3613082,12104230.402425,58528206.2830454,25999996.3612226,19299991.0892369,5899999.35886242,65885630.0222282,107811374.01292,139696707.383179,35561531.6293567,124388838.69747,195424461.064923,49130854.8429207,97010028.4484276,812753754.648122,-8886001.77999776,451360605.697139,598087746.648762,516092796.535975,115700037.165364,90200209.9764129,102033113.80307,..
"Foreign direct investment, net inflows (BoP, current US$)",BX.KLT.DINV.CD.WD,Malaysia,MYS,4178239335.0381,5078414947.87739,5136514575.67472,2163401815.57573,3895263157.89474,3787631578.94737,553947368.421053,3192894736.8421,3218947368.42105,4376052631.57895,3924786634.73868,7690731245.66747,9071369834.83859,7572512432.33635,114664434.56228,10885801851.6194,15119439203.9543,8895774250.70402,11296279513.9209,10619431582.9781,9857162111.82329,13470089920.807,9368469822.66146,8570094242.95007,..
"Foreign direct investment, net inflows (BoP, current US$)",BX.KLT.DINV.CD.WD,Maldives,MDV,7230710.76205489,9315251.94973543,11408883.3989708,11517966.6239708,12322250,22312447.8248753,20541053.2565792,24718599.7690471,31774435.5684086,52933701.7280929,52991121.0580686,63826812.8939882,132432080.785582,181255431.772407,157963586.774204,216468945.675274,423530663.953749,227976866.718899,360816336.210787,333375218.034334,297975993.392527,456639057.30469,457808313.566538,538536564.514229,..
"Foreign direct investment, net inflows (BoP, current US$)",BX.KLT.DINV.CD.WD,Mali,MLI,111429781.431379,27209332.1745828,74360591.896402,9556713.35023085,30987537.5962227,60181780.6839891,208815769.599649,-12312977.4012381,72355432.3644571,84840599.6359506,160218206.819051,148195574.128707,206064771.413548,266432781.925687,646609200.601481,371569832.607507,556147161.584486,397865237.155587,307853389.344622,144023010.605531,275414752.965424,356234602.718246,559362392.099868,467067198.107612,..
"Foreign direct investment, net inflows (BoP, current US$)",BX.KLT.DINV.CD.WD,Malta,MLT,392188547.165383,312996146.994209,136993957.138889,323284766.09652,667032818.087456,743185324.698102,416889166.287732,-497796507.906789,911474591.335865,7469040204.51319,21801420447.3895,25035392674.1694,35591477412.0337,14837770104.3279,1444871046.00601,9244998119.92183,7806911229.55319,3323599814.67228,510057778.082737,155878728.130941,3640705146.70846,3143420045.24329,3983526140.63991,4750494292.14907,4476080087.62908
"Foreign direct investment, net inflows (BoP, current US$)",BX.KLT.DINV.CD.WD,Marshall Islands,MHL,..,..,..,..,..,739000,739000,839000,-1152000,1156000,3279622.36154915,1876761.72458854,6987311.9877883,5694746.71577748,14649434.9564544,-9356673.13181814,-4380881.13767906,21373811.8080675,32548149.3245913,9047685.07797494,-5393638.49927042,-3055847.4488757,5835497.47968519,9752051.36249508,..
"Foreign direct investment, net inflows (BoP, current US$)",BX.KLT.DINV.CD.WD,Mauritania,MRT,6989378.50785376,-435540,-3329920,132643.000207808,15119460,40096000,76700000,67340352.3234,101957951.5645,404102025.7397,811869181.4046,154601638.1236,139372822.2997,342770661.9984,-3072044.396,130528391.3387,588749564.2399,1386098850.60853,1126004759.602,502589833.81816,501726765.733819,271134844.997291,588217194.758539,70755026.5279,..
"Foreign direct investment, net inflows (BoP, current US$)",BX.KLT.DINV.CD.WD,Mauritius,MUS,18692860.9567485,36661330.2825559,55277851.5405022,12170393.8497832,49353190.6361288,265641239.441185,-27675565.7136838,32073116.0847955,62630665.276514,13894736.4049872,41776995.7786911,106758059.108919,340763853.718088,377724738.06254,256680711.820915,429958030.6909,433358879.6767,589018302.8286,293341671.7153,455562151.7881,216455188.3074,378764432.2698,442947618.0166,371518185.9208,..
"Foreign direct investment, net inflows (BoP, current US$)",BX.KLT.DINV.CD.WD,Mexico,MEX,9526290000,9185600000,12829800000,12756764558,13941043232,18382284821,30060020323,24055125415,18223514102,24916054094,26018159827,20798008749,33080659133,32282401481,19155174658,20796232066,24683392840,17550592320,47075885589,30397101575,35652852201,37684751329,32977774274,38644325856,28881549027
"Foreign direct investment, net inflows (BoP, current US$)",BX.KLT.DINV.CD.WD,"Micronesia, Fed. Sts.",FSM,..,..,..,..,..,..,..,..,..,..,..,..,..,..,0,0,0,0,0,20209300,..,..,..,..,..
"Foreign direct investment, net inflows (BoP, current US$)",BX.KLT.DINV.CD.WD,Moldova,MDA,66910000,23740000,78740000,75510000,37870000,127540000,103440000,84050000,73750000,151010000,190700000,258680000,536020000,726610000,259830000,290230000,358990000,250770000,241880000,345130000,225565000,88390000,154370000,311870000,593010000
"Foreign direct investment, net inflows (BoP, current US$)",BX.KLT.DINV.CD.WD,Monaco,MCO,..,..,..,..,..,..,..,..,..,..,..,..,..,..,..,..,..,..,..,..,..,..,..,..,..
"Foreign direct investment, net inflows (BoP, current US$)",BX.KLT.DINV.CD.WD,Mongolia,MNG,9800000,15900000,25000000,18900000,30400000,53697000,63000000,77751000,131540000,92920000,187620000,245460000,372759900,844697949.479072,623609218.24768,1691421731.58406,4571161962.80891,4272473222.93625,2059702972.91978,337768268.083172,94319767.4741563,-4156404703.77687,1494350363.46922,1951528195.81853,2443343095.41815
"Foreign direct investment, net inflows (BoP, current US$)",BX.KLT.DINV.CD.WD,Montenegro,MNE,..,..,..,..,..,..,..,..,..,..,..,..,937357714.730134,975271781.796614,1550285725.3921,758254398.556857,556662007.52715,618126498.733889,446456998.007453,496993506.510356,699855695.331555,226702405.904995,560665419.031984,485653127.823429,454244829.175516
"Foreign direct investment, net inflows (BoP, current US$)",BX.KLT.DINV.CD.WD,Morocco,MAR,334768272.8902,357393801.789474,1079341332.03085,308712164.430615,826974026.933263,426553283.860634,2824557251.52006,480355698.049863,2312829823.25089,893325392.835825,1670609688.92878,2460787164.18439,2825801376.44064,2466288357.37234,1970323920.01346,1240625859.11404,2521362080.65559,2841954371.38454,3360909924.36421,3525384612.43801,3252913902.35666,2153363904.93515,2680109856.21237,3544387229.27822,1599761097.97876
"Foreign direct investment, net inflows (BoP, current US$)",BX.KLT.DINV.CD.WD,Mozambique,MOZ,45000000,72500000,64400000,234900000,381700000,139300000,255435491.5,347252830.63,336698400.89,475513572.966,122413755.58,251141650.25,416689348.42081,641399415.784251,930100407.78,1258453096.82496,3663937118.45157,5635092658.61842,6697422432.4601,4998799334.35621,3868353884.95,3128149928.7,2319071971.47682,2678190543.5991,..
"Foreign direct investment, net inflows (BoP, current US$)",BX.KLT.DINV.CD.WD,Myanmar,MMR,277199199.509049,310437074.890386,387184136.000944,314450998.907852,253110104.66411,254789765.469466,208303564.372066,150511225.813866,248882510.026366,211364294.975748,234904379.027598,275812653.011391,709922015.309805,863880447.312828,1078972200.98264,901133534.876797,2519813313.27459,1333856137.27031,2254603965.49345,2175015283.77713,4083839111.71186,3278096409.87385,4002424944.84553,1291196200.66864,..
"Foreign direct investment, net inflows (BoP, current US$)",BX.KLT.DINV.CD.WD,Namibia,NAM,153015438.01703,128693897.273987,90972979.0142206,96232390.3694651,51102943.7374422,196350763.262587,379336366.387132,147535758.471973,65110887.1077804,223561311.215728,389850790.391063,610197796.107759,669182903.357666,750426324.202911,829054473.358439,287528974.44129,803600584.603823,1041555413.14223,777073646.376717,445582247.859427,810405164.652585,371166436.459335,373575659.263613,183488531.13461,-12510756.664666
"Foreign direct investment, net inflows (BoP, current US$)",BX.KLT.DINV.CD.WD,Nauru,NRU,..,..,..,..,..,..,..,..,..,..,..,..,..,0,0,0,0,0,0,0,0,0,0,0,..
"Foreign direct investment, net inflows (BoP, current US$)",BX.KLT.DINV.CD.WD,Nepal,NPL,0,19160171.0939681,23056467.765552,12024659.8985728,4351068.68212706,-484826.712274881,20850000,-5952541.12704632,14778085.6065136,-417346.383904296,2451784.70709983,-6647983.90370767,5741706.05320872,995123.930669508,38271269.9748302,87741711.6305985,94022157.1167852,91954196.0964528,74179632.6147952,30402676.784735,51895699.9282915,105996375.590659,196265098.563575,68186670.7450293,..
"Foreign direct investment, net inflows (BoP, current US$)",BX.KLT.DINV.CD.WD,Netherlands,NLD,12206170578.6541,16604370594.2964,11033361089.8674,37618898706.3161,41161898489.8169,63109732334.5277,51998915897.6415,25485041348.3329,20456442247.9524,139920688181.891,209888825342.075,375506013118.294,733826501994.524,195530109750.28,95851297436.265,115753273228.715,332071022439.732,239668927458.959,328677379048.207,117627297064.436,320789599931.801,241658697224.376,96255613555.2639,-239337011214.707,28057771933.0095
"Foreign direct investment, net inflows (BoP, current US$)",BX.KLT.DINV.CD.WD,New Caledonia,NCL,..,..,..,..,..,-40626091.7634,103041207.6849,59055445.6614434,116048161.873983,27480195.7306092,-6738759.00139891,749088411.734889,417453934.436208,1746369905.06476,1182295527.61516,1439085573.36548,1758141868.63992,2682824680.90753,2166812151.02825,1757035866.71921,1203895440.08717,809821138.3806,658875463.3851,874392467.2137,..
"Foreign direct investment, net inflows (BoP, current US$)",BX.KLT.DINV.CD.WD,New Zealand,NZL,2849961939.2603,3918617039.5573,1917456791.103,1825772782.0153,941464111.6421,-1507812033.25805,259321576.796312,2848556986.63852,-3363941288.043,2319819298.42871,1906665963.75812,2912645686.56863,4335506075.9374,2591966537.02927,-52385533.2387357,286306902.9756,1378410924.39879,3846884018.51781,-69519935.4200308,3249055311.01317,-73372796.4211781,1875107670.99222,2093698049.94685,2128856170.74495,3949052498.74025
"Foreign direct investment, net inflows (BoP, current US$)",BX.KLT.DINV.CD.WD,Nicaragua,NIC,88900000,120000000,203400000,218200000,337300000,266500000,150200000,203900000,201300000,250000000,241100000,286800000,381700000,627300000,433900000,489900000,936300000,767700000,815500000,884100000,949900000,898700000,771900000,359200000,..
"Foreign direct investment, net inflows (BoP, current US$)",BX.KLT.DINV.CD.WD,Niger,NER,2233804.50010766,8630591.3895239,18959363.8524857,-1764551.01056941,1605268.5320866,15767212.3689839,22587455.083808,7827441.93508379,18529138.9736301,24411286.9008512,49753596.8290225,40310044.1411645,99073671.9321662,283076206.886465,633819197.134754,796636157.883319,1067186136.05029,841227436.917788,719338470.495154,822967023.299916,529476871.090612,301332480.592526,338710710.13916,466042272.996923,..
"Foreign direct investment, net inflows (BoP, current US$)",BX.KLT.DINV.CD.WD,Nigeria,NGA,335842164.964005,499276809.471007,469577019.807245,299566658.25891,1004915630.70932,1140167556.01589,1190618643.59162,1874070753.14014,2005353563.06398,1874060886.97608,4982533930.21739,4854353979.09081,6036021404.82071,8195499253.28854,8554740716.54298,6026232041.2843,8841113286.94787,7069934204.80099,5562873605.73813,4693828631.89583,3064168904.45333,4448732916.66666,3502999130.96667,1997485164.94833,..
"Foreign direct investment, net inflows (BoP, current US$)",BX.KLT.DINV.CD.WD,North Macedonia,MKD,9490000,11210000,15740000,151156392,91325732.42024,217507099.15808,469570706.3984,114193471.4194,119041753.232,309137638.54,145329601.532,427444589.2688,733466879,611688378.605769,259530321.486,301441681.708,507920732.789,337911248.192572,402458309.805886,60879915.45137,296604200.381223,549371101.55116,380738977.544776,648732424.984647,476895772.897164
"Foreign direct investment, net inflows (BoP, current US$)",BX.KLT.DINV.CD.WD,Northern Mariana Islands,MNP,..,..,..,..,..,..,..,..,..,..,..,..,..,..,..,..,..,..,..,..,..,..,..,..,..
"Foreign direct investment, net inflows (BoP, current US$)",BX.KLT.DINV.CD.WD,Norway,NOR,2392766980.23558,3827495491.09076,4514609379.62998,5645870320.85842,5822113545.61374,8332062185.99552,3190216069.0008,3011752930.34115,4179380423.17369,4918494986.32396,10058759829.6279,11877923790.1756,24806091102.6883,20578219685.1148,8635762892.0964,21634265662.593,10296323075.6966,27897968327.9334,-1368607170.8397,3242240088.15462,7274086872.47209,-18668572814.4237,5900604723.78859,-6634007435.04685,1794791083.2206
"Foreign direct investment, net inflows (BoP, current US$)",BX.KLT.DINV.CD.WD,Oman,OMN,46293888.1664499,60599999.2119636,64499999.1612484,101999999.336801,40099999.7392718,82000000,5201560.46814044,109232769.830949,24967490.2470741,111053315.994798,1538361508.45254,1596098829.6489,3332119635.89077,2951885565.6697,1485825747.72432,1242652795.83875,1629144343.30299,1364629388.81664,1612430962.28869,1286345903.77113,-2172431729.51886,2265279583.87516,2917295188.55657,6342262678.80364,..
"Foreign direct investment, net inflows (BoP, current US$)",BX.KLT.DINV.CD.WD,Pakistan,PAK,722631560.660743,921976182.51983,716253125.440908,506000000,532000000,308000000,378000000,826000000,534000000,1118000000,2201000000,4273000000,5590000000,5438000000,2338000000,2022000000,1326000000,859000000,1333000000,1887000000,1673000000,2576000000,2496000000,1737000000,2218000000
"Foreign direct investment, net inflows (BoP, current US$)",BX.KLT.DINV.CD.WD,Palau,PLW,-210000,..,..,..,..,3177647.2334,-1431856.7359,1901014.5644,4593705.4381,6845036.9695,3971994.26960001,33283255.639,4383239.14069999,4741656.7068,2790871.0058,2685244.1157,8326127.02949998,21639126.3213,18041109.837,39860115.385,34583158.147185,35244866.819783,27484632.723017,21500000,..
"Foreign direct investment, net inflows (BoP, current US$)",BX.KLT.DINV.CD.WD,Panama,PAN,281300000,428300000,1312200000,1315200000,1043500000,827800000,606800000,247100000,1050600000,1277900000,1104400000,2944300000,2224000000,2390000000,1085500000,2549100000,4395600000,3381900000,3799000000,4984400000,5119300000,5248354400,3976868000,5945110000,6068041578
"Foreign direct investment, net inflows (BoP, current US$)",BX.KLT.DINV.CD.WD,Papua New Guinea,PNG,454568860.072136,109832527.834517,28312794.6432836,109438501.40012,298023960.390566,96495382.3146878,63183318.6554423,20160425.6683546,168604378.870459,32542985.2516695,39976364.7337651,128548222.840092,130634896.797515,47858884.7753668,420038762.450145,35591312.4342647,36419303.6839465,28796707.5152696,26804026.0357082,29436963.9060112,213710099.392465,19180492.9562101,161470622.807911,1134643537.8393,..
"Foreign direct investment, net inflows (BoP, current US$)",BX.KLT.DINV.CD.WD,Paraguay,PRY,94500000,139800000,230900000,340600000,87200000,107800000,99200000,90400000,-57700000,93979000,7300000,187800000,105000000,337856000,26913000,555544000,463994000,727144000,312567000,549690000,480469114.4,492762511.32961,603320572.227304,386916058.139802,390383928.330254
"Foreign direct investment, net inflows (BoP, current US$)",BX.KLT.DINV.CD.WD,Peru,PER,2556981500,3471149000,2139260000,1643949119.92647,1940008800,809696760.032968,1144260000,2155836814.73346,1335007073.0402,1599038388.965,2578719365.11,3466531061.27322,5490961307.08952,6923651284.62579,6430652960.91184,8454627587.91059,7682261108.57854,13622485104.3103,9826002544.00792,3929942910.15745,8313966794.51777,6739051858.18016,6860492819.49823,6487906280.71858,..
"Foreign direct investment, net inflows (BoP, current US$)",BX.KLT.DINV.CD.WD,Philippines,PHL,1478000000,1517000000,1222000000,2287000000,1829000000,1487000000,760000000,1769000000,492000000,592000000,1664000000,2707414996.79964,2918724840.50407,1340027563.20326,2064620677.76657,1070386939.91897,2007150725.40003,3215415155.43567,3737371739.84519,5739574024.13183,5639155961.87389,8279548274.88501,10256442398.8834,9948598823.96867,7647487632.80666
"Foreign direct investment, net inflows (BoP, current US$)",BX.KLT.DINV.CD.WD,Poland,POL,3659000000,4500000000,4910000000,6383000000,7407000000,9335000000,5677000000,4091000000,5371000000,13868000000,11041000000,21473000000,25031000000,14574000000,14025000000,18395000000,18485000000,7358000000,795000000,19776000000,15065000000,18321000000,11762000000,16697000000,15029000000
"Foreign direct investment, net inflows (BoP, current US$)",BX.KLT.DINV.CD.WD,Portugal,PRT,684572213.806635,1571447864.59409,2710655379.72437,6071328302.64667,740701804.322342,7292581671.38605,6113785653.77625,587893729.66415,10354679114.3828,2485161769.228,3367937006.69602,13394502768.4966,6014642426.68114,7819075463.00862,5585829214.0696,8966915539.10535,9821076889.908,21396375527.1154,15745220666.1578,12045808665.4721,1270014232.93158,7354810293.04957,10663828803.4562,7815679195.40295,8270971797.51084
"Foreign direct investment, net inflows (BoP, current US$)",BX.KLT.DINV.CD.WD,Puerto Rico,PRI,..,..,..,..,..,..,..,..,..,..,..,..,..,..,..,..,..,..,..,..,..,..,..,..,..
"Foreign direct investment, net inflows (BoP, current US$)",BX.KLT.DINV.CD.WD,Qatar,QAT,93560000,338870000,418330000,347300000,113250000,251600000,295520000,623920000,624920000,1198970000,2500000000,3500000000,4700000000,3778626373.6264,8124736263.7363,4670329670.3297,938516483.516483,395879120.879121,-840384615.384615,1040384615.38461,1070879120.87912,773901098.901099,985989010.989011,-2186263736.26374,-2812637362.63736
"Foreign direct investment, net inflows (BoP, current US$)",BX.KLT.DINV.CD.WD,Romania,ROU,419000000,263000000,1215000000,2031000000,1041000000,1037000000,1157000000,1144000000,1844000000,6443000000,6498650462.86646,11006614841.8417,10103086514.314,13667824244.7472,4637684879.54339,3213737651.98388,2370097222.61814,3047569714.39734,3854819397.63757,3869197075.10542,4317731472.30633,6252035766.42823,5952909608.10492,7343560129.25217,6911103582.83713
"Foreign direct investment, net inflows (BoP, current US$)",BX.KLT.DINV.CD.WD,Russian Federation,RUS,2065720000,2579330000,4864650000,2761360000,3256530000,2678030000,2847300000,3473830000,7928630000,15402990000,15508050000,37594770000,55873680000,74782910000,36583100000,43167780000,55083630000,50587560000,69218890000,22031340000,6852970000,32538900000,28557440000,8784850000,31783460000
"Foreign direct investment, net inflows (BoP, current US$)",BX.KLT.DINV.CD.WD,Rwanda,RWA,2000000,2220000,2590000,7100000,1740000,8100000,18500000,1500000,4700000,7700000,7960000,30643966.475,82283165.8617,102290000,118670000,250504802.92071,119105385.81,254963244.35,257642420.17,314742419.031826,223334652.84,266300000,270110771.39,301552668.12,..
"Foreign direct investment, net inflows (BoP, current US$)",BX.KLT.DINV.CD.WD,Samoa,WSM,3440000,1160000,19990000,3000000,-718517.1664,-1206806.3146,1414589.8265,1599402.8896,2724300.7628,2480936.28437362,3763664.37138603,21927671.8857047,6821727.4387444,45899093.7937884,9868116.50800966,-1324579.31706406,8984743.31145687,20871549.7245612,13791695.1653077,22849692.3024683,26867532.3239141,2520673.51135781,9215371.78697386,16713450.8645979,..
"Foreign direct investment, net inflows (BoP, current US$)",BX.KLT.DINV.CD.WD,San Marino,SMR,..,..,..,..,..,-3840000,230000,..,..,-650000,180000,60000,390000,..,..,..,..,..,..,..,..,..,..,..,..
"Foreign direct investment, net inflows (BoP, current US$)",BX.KLT.DINV.CD.WD,Sao Tome and Principe,STP,30000,320000,400000,4200000,3000000,3800000,3000000,3600000,3400000,3501000,15664000,38015839.45735,36028527.82392,79143388.7554088,15500000,50600000,32152348.5469533,22471527.027027,12162344.8222509,26489982.1283667,27924059.1401315,23331087.1205748,34208489.0333144,23698321.4864449,..
"Foreign direct investment, net inflows (BoP, current US$)",BX.KLT.DINV.CD.WD,Saudi Arabia,SAU,-1874666666.66667,-1127466666.66667,3039466666.66667,4283466666.66667,-778933333.333333,-1881066666.66667,19640000,-614133333.333333,-586506666.666667,-334320000,12097333333.3333,18293173333.3333,24318560000,39455863929.3333,36457666666.6667,29232706666.6667,16308280000,12182373333.3333,8864693333.33333,8011786666.66667,8141026666.66667,7452533333.33333,1418843613.80048,4247084538.91783,4562037264.30641
"Foreign direct investment, net inflows (BoP, current US$)",BX.KLT.DINV.CD.WD,Senegal,SEN,31673945.4230512,13955558.7609991,178810136.257774,71105812.0483919,161686935.933266,81643690.1235187,45083429.813955,82692671.5664976,86499780.3681952,137583476.929811,167944230.519191,289840300.29228,351458732.442619,455739867.976293,331473910.250358,272092888.456612,338661995.579347,276159533.004474,311366768.819424,403098056.387863,409166125.81491,472409799.846776,588292997.958708,847841574.790216,..
"Foreign direct investment, net inflows (BoP, current US$)",BX.KLT.DINV.CD.WD,Serbia,SRB,..,..,..,..,..,..,..,..,..,..,..,..,4423192680.11886,4055798181.80088,2929226709.60341,1693250318.85147,4930532020.14556,1275339755.62785,2059297316.50401,1999539187.45685,2343139735.74773,2355214636.94215,2894615965.23761,4071895067.82106,4281889582.47012
"Foreign direct investment, net inflows (BoP, current US$)",BX.KLT.DINV.CD.WD,Seychelles,SYC,45884323.2062327,28812973.8865657,53398677.9649215,53209768.4266537,55216733.4778743,24326996.8409907,64740256.5069248,47717748.0672259,58425540.7263851,38014852.1,80729739.0909091,140555693.466973,175923646.509835,179825444.152505,168251661.935522,159795375,143240665.103455,613208776.273067,57289065.6229991,108355443.10197,105893597.203315,40854189.696835,124465535.7046,307664653.791333,235678362.183942
"Foreign direct investment, net inflows (BoP, current US$)",BX.KLT.DINV.CD.WD,Sierra Leone,SLE,7287055.90785857,663927.905227631,1800032.09430632,104884.952718631,533201.788055061,39000824.5205234,9835742.02237572,10413409.4634409,8615049.66773898,61153314.1933298,90731669.7377149,58869143.9072179,95470171.3159828,53095074.1518604,110430202.517696,238404157.81146,950477688.972105,722447242.911546,429664580.136068,375089628.512418,252435829.433901,137965732.548646,198174760.501372,217812918.996704,..
"Foreign direct investment, net inflows (BoP, current US$)",BX.KLT.DINV.CD.WD,Singapore,SGP,11942852103.3601,11432363956.363,15701783678.7863,5958646073.68738,18852989358.6266,15515295182.2255,17006818857.2728,6157194143.82425,17051420152.8733,24390254965.552,19316058814.0754,39129332046.6561,47337947782.775,13598298537.0175,23436064059.7507,55322434161.8742,49155657316.2946,55310807547.7035,64389514904.4993,68698472830.5907,69774553124.9432,70721187917.8867,97766497094.3389,91035666405.1252,105465616772.247
"Foreign direct investment, net inflows (BoP, current US$)",BX.KLT.DINV.CD.WD,Sint Maarten (Dutch part),SXM,..,..,..,..,..,..,..,..,..,..,..,..,..,..,..,..,-48480446.9273743,13508379.8882682,47357541.8994413,47709497.2067039,27770949.7206704,41553072.6256983,32759776.5363128,-196625698.324022,..
"Foreign direct investment, net inflows (BoP, current US$)",BX.KLT.DINV.CD.WD,Slovak Republic,SVK,236132979.234655,350826240.038055,176706776.809273,646612354.420818,338895206.310939,2183119136.13344,1532584052.08438,4212437461.03101,969200518.93397,4063498784.60239,3923508331.4958,5701436726.94249,5058234422.17007,4640891412.00327,1521083444.32745,2115832960.23968,5431592591.915,1776566141.06016,1003902970.22301,-362783502.213315,1520387925.93414,4742874363.71757,4225581974.33236,2551913226.95168,2312686694.36621
"Foreign direct investment, net inflows (BoP, current US$)",BX.KLT.DINV.CD.WD,Slovenia,SVN,150400000,173300000,334500000,215700000,106600000,135800000,501200000,1849800000,535600000,763100000,970800000,692021551.718715,1884506372.67517,1080741791.92196,-346971372.900945,319143932.575037,875946337.676014,33537889.4917932,104022716.628641,1019380613.49717,1730147099.28223,1446274234.68466,1196228604.69281,1523856931.75901,1381687633.80574
"Foreign direct investment, net inflows (BoP, current US$)",BX.KLT.DINV.CD.WD,Solomon Islands,SLB,2025896.23887959,5944439.12207364,33871933.2426076,8804628.10569499,9900495.54150439,2004350.29165426,-8617173.10745275,145800.744935118,-1009361.68105639,-3005254.99388775,548149.349449345,44307544.5596454,85983505.9852652,75177085.3799649,48583116.3415326,165920898.269922,120052792.508287,23881499.2959446,53434351.3773387,21022029.9741671,32222728.5635439,37343622.7695983,42883975.6278544,24992541.5163262,30141254.1972751
"Foreign direct investment, net inflows (BoP, current US$)",BX.KLT.DINV.CD.WD,Somalia,SOM,1000000,1300000,1100000,40000,-810000,270000,40000,140000,-850000,-4790000,24000000,96000000,141000000,87000000,108000000,112000000,102000000,107330000,258000000,261000000,303000000,334000000,384000000,409000000,..
"Foreign direct investment, net inflows (BoP, current US$)",BX.KLT.DINV.CD.WD,South Africa,ZAF,1248424932.7343,816389273.755429,3810543923.03317,550338595.971811,1503332454.41012,968831355.959091,7270344986.4768,1479804588.75227,783136092.25814,701422007.629779,6522098178.18051,623291744.343521,6586792253.1097,9885001293.44358,7624489973.88189,3693271715.48139,4139289122.68737,4626029122.40007,8232518815.62083,5791659020.09998,1521139945.30532,2215307020.39541,2058579911.05235,5569462350.15205,4624502603.97868
"Foreign direct investment, net inflows (BoP, current US$)",BX.KLT.DINV.CD.WD,South Sudan,SSD,..,..,..,..,..,..,..,..,..,..,..,..,..,..,..,..,..,161000000,-793000000,1035825.73,150000,-7850000,1420000,60140000,..
"Foreign direct investment, net inflows (BoP, current US$)",BX.KLT.DINV.CD.WD,Spain,ESP,8281607344.6532,9801379213.11597,9433660064.59714,15714658309.111,19628574139.8535,40509751188.4286,28909416991.4687,39359708554.1526,30744905690.6609,25268192650.5773,27007774843.3641,32927841460.4151,68229666915.1458,74088629877.4056,9549813317.16439,36609340306.4936,26832032514.651,20848479095.58,47373243838.9586,32943256862.6094,23037070821.4534,44253339407.6723,24978595612.8996,49074301840.6961,18473102983.631
"Foreign direct investment, net inflows (BoP, current US$)",BX.KLT.DINV.CD.WD,Sri Lanka,LKA,55995587.566,119874349.6993,430056151.833,193424023.1433,176410171.3141,172941409.8305,171790000,196500000,228720000,232800000,272400000,479700000,603000000,752200000,404000000,477559000,955920000,941116591.230408,932551317.582881,893628980.287065,679655644.244789,897049375.883533,1372723043.13402,1610543974.22884,..
"Foreign direct investment, net inflows (BoP, current US$)",BX.KLT.DINV.CD.WD,St. Kitts and Nevis,KNA,20470370.3703704,35174074.0740741,19670370.3703704,31925925.9259259,57737037.037037,96214814.8148148,88230740.7407407,79771688.8888889,75612162.962963,55771474.0740741,92994488.8888889,110415630.37037,134484438.148148,177906026.666667,130750839.259259,116268480,109632707.037037,92419222.2222222,110789970.37037,156658594.131776,128828086.281881,116606356.625261,40222156.5937296,93552415.5252759,..
"Foreign direct investment, net inflows (BoP, current US$)",BX.KLT.DINV.CD.WD,St. Lucia,LCA,32751851.8518519,18414814.8148148,47825925.9259259,83396296.2962963,83151851.8518519,53748148.1481481,58807407.4074074,51935414.8148148,106425925.925926,76520285.1851852,78233429.6296296,233934733.333333,271891074.074074,161210706.296296,146397591.111111,121296972.592593,96416427.7777778,75759324.8148148,83515042.2222222,62932767.2454489,153713119.440862,143682737.585234,37684236.0839759,40030761.7053615,..
"Foreign direct investment, net inflows (BoP, current US$)",BX.KLT.DINV.CD.WD,St. Martin (French part),MAF,..,..,..,..,..,..,..,..,..,..,..,..,..,..,..,..,..,..,..,..,..,..,..,..,..
"Foreign direct investment, net inflows (BoP, current US$)",BX.KLT.DINV.CD.WD,St. Vincent and the Grenadines,VCT,30640740.7407407,42644444.4444444,92470370.3703704,88951851.8518519,56796296.2962963,37744444.4444444,21040370.3703704,34048225.9259259,55164448.1481481,65686166.6666667,40087314.8148148,109112344.444444,119406900,159243360,110221666.296296,97218108.8888889,85623860.3703704,115402246.296296,126735012.962963,123087058.661844,119385964.261111,78809248.0010155,153111526.373568,110052363.628836,..
"Foreign direct investment, net inflows (BoP, current US$)",BX.KLT.DINV.CD.WD,Sudan,SDN,12000000,400000,97900000,370700000,370800000,392200000,574000000,713180000,1349190000,1511070000,1561689996.89435,1841833814.08367,1504379838.38584,1653120315.475,1726298402.95145,2063730997.66213,1734376994.48388,2311460739.75953,1687884178.79722,1251280889.37784,1728373403.43067,1063767535.33587,1065298481.41867,1135787164.04941,..
"Foreign direct investment, net inflows (BoP, current US$)",BX.KLT.DINV.CD.WD,Suriname,SUR,-20600000,19100000,-9200000,9100000,-61500000,-97200000,-26800000,-73600000,-76100000,-37300000,27900000,-163400000,-246700000,-231400000,-93400000,-247700000,145288761.2,169442185.072793,186765030.570088,-59673138.0841934,183665852.69756,231666845.653766,96075554.7414536,130960766.326423,72794927.8142301
"Foreign direct investment, net inflows (BoP, current US$)",BX.KLT.DINV.CD.WD,Sweden,SWE,14939375567.4952,5491883747.97059,10271066268.9352,23334866534.9283,62910430888.1709,22817836820.944,18217810086.4861,18381645407.9827,6007683415.88431,16854649893.5474,20782686615.8207,22052656378.5991,46143507532.9675,41436553995.9454,8960871620.904,625102142.469445,6979353755.44351,4273531542.41649,1317032473.30956,-8624265062.02434,10254310463.6027,15642242213.9251,26347927028.2056,-1820311589.14598,24192697120.3146
"Foreign direct investment, net inflows (BoP, current US$)",BX.KLT.DINV.CD.WD,Switzerland,CHE,4158247959.95384,4880219415.70052,8391921105.89553,11345529735.0728,14541329307.9251,23080879762.6769,9765012889.09898,8258050580.1782,19721053893.3922,7102294152.7232,2664910821.00245,53760772986.3034,48688296542.6701,2990936685.10856,47658570354.7326,17670735602.9225,20764483834.5029,39943494321.6384,-24926465856.5785,21003091521.7734,110012897266.955,97894116825.7012,129383657783.443,-76220614842.5639,-18382529055.8149
"Foreign direct investment, net inflows (BoP, current US$)",BX.KLT.DINV.CD.WD,Syrian Arab Republic,SYR,100000000,89000000,80000000,82000000,263000000,270000000,110000000,115000000,160000000,275000000,500000000,659000000,1241959115.11048,1465623386.27635,2569548271.53071,1469196863.48146,804162635.3,..,..,..,..,..,..,..,..
"Foreign direct investment, net inflows (BoP, current US$)",BX.KLT.DINV.CD.WD,Tajikistan,TJK,10000000,18000000,18000000,29940400,6702900,23543300,9495400,36066400,31649700,272025100,54479300,338627400,359967400,486614340,149060550,93940670,145883670,241736370,283140730,326593810,454012320,241616267.20903,185827080.700795,220862232.3377,212809730.699297
"Foreign direct investment, net inflows (BoP, current US$)",BX.KLT.DINV.CD.WD,Tanzania,TZA,119936653.7517,150066381.9809,157885063.8557,172306244.8984,516700641.7478,463400858.7823,549270351.46,395567134,318401298.68,442539548.35,935520591.71,403038991.36,581511806.98,1383260000,952630000,1813200000,1229361018.44368,1799646137.43448,2087261309.71598,1416088064.811,1506024896.011,864040000,937700000,1055991268.20234,..
"Foreign direct investment, net inflows (BoP, current US$)",BX.KLT.DINV.CD.WD,Thailand,THA,2067936429.29445,2335837474.93166,3894755071.04504,7314804931.33013,6102677671.18095,3365987582.5831,5067170388.09022,3341612007.23692,5232270340.1941,5860255942.60102,8215637195.30001,8917470351.2,8633903440.6,8561557724.60001,6411458544.60001,14746672919.6,2473685995.7,12899036062.7558,15935960664.8073,4975455660.4459,8927579182.16217,2810184390.30069,8229148190.32755,13205107281.2953,6315808257.35377
"Foreign direct investment, net inflows (BoP, current US$)",BX.KLT.DINV.CD.WD,Timor-Leste,TLS,..,..,..,..,..,..,..,..,4519000,..,908000,8478084.46190102,8695061.68836722,39697970.7526887,47954750.66,30332806.77,49058168.54,40382443.85,55857105.62,33905491.522696,42995500,5478700,6715937.467148,47925664.570816,74580323.023
"Foreign direct investment, net inflows (BoP, current US$)",BX.KLT.DINV.CD.WD,Togo,TGO,-7813307.2201075,2253923.41384395,12260365.7806242,11116162.8504459,15089199.2484699,52818330.9863658,72617650.8875252,57806307.3736271,45773612.3700359,79967681.861951,96003598.2087157,91396741.8990609,62406802.6278744,50892371.9537828,46304496.1277116,125064101.838993,728710878.416044,121511565.575361,183599248.958183,54020342.354686,257860036.464441,-46308331.6178517,88558699.5022234,-180972714.795729,..
"Foreign direct investment, net inflows (BoP, current US$)",BX.KLT.DINV.CD.WD,Tonga,TON,1028451.3824,284990.7059,-10526.1492,45708.6176,958145.9919,9212396.9292,7628663.0533,4692076.7678,182273.330595786,5533664.04017914,6005489.53244257,10987468.9682818,17583867.2029788,21517757.3452398,247006.485014144,4661006.00282213,7641551.95808181,-841513.978316334,6269513.29007397,13241447.4869655,6349155.27990994,5724624.57680544,-5613753.35828908,15043792.4944555,1282630.87070995
"Foreign direct investment, net inflows (BoP, current US$)",BX.KLT.DINV.CD.WD,Trinidad and Tobago,TTO,298934269.067463,355399933.861396,999347641.846576,729767481.18443,643300000,679500035.953542,834900044.583722,1007800000,808300000,998100000,939700000,882700000,830000000,2800800000,709100000,549400000,41047454.4570203,-1904347649.2578,-1129966025.63165,661413505.43737,176829744.888446,-23598182.380677,-456860907.461982,-701876422.868886,..
"Foreign direct investment, net inflows (BoP, current US$)",BX.KLT.DINV.CD.WD,Tunisia,TUN,275971451.229183,238337799.313409,342704714.827179,650727787.657248,347320280.72246,750720443.574375,451514809.247852,790302916.627593,539481939.0098,592147521.67862,712714847.262546,3239909092.61659,1515345043.99628,2600674976.49755,1525244857.52902,1334497694.56476,432666011.578487,1554269128.7808,1058622582.18395,1024754443.57724,970521888.740203,622569482.161979,810936482.841998,988942901.040222,..
"Foreign direct investment, net inflows (BoP, current US$)",BX.KLT.DINV.CD.WD,Turkey,TUR,885000000,722000000,805000000,940000000,783000000,982000000,3352000000,1082000000,1702000000,2785000000,10031000000,20185000000,22047000000,19851000000,8585000000,9099000000,16182000000,13744000000,13563000000,13337000000,19263000000,13929000000,11099000000,13023000000,8430000000
"Foreign direct investment, net inflows (BoP, current US$)",BX.KLT.DINV.CD.WD,Turkmenistan,TKM,233000000,108060000,107860000,62300000,125000000,131000000,170000000,276000000,226000000,353700000,418200000,730900000,856000000,1277000000,4553000000,3632300000,3391067000,3129614736.8421,2861420712,3830131000,3042968000,2243160000,2085944000,1985147000,..
"Foreign direct investment, net inflows (BoP, current US$)",BX.KLT.DINV.CD.WD,Turks and Caicos Islands,TCA,..,..,..,..,..,..,..,..,..,..,..,..,..,..,..,..,..,..,..,-69533000,-69888000,16590000,22068000,42227000,..
"Foreign direct investment, net inflows (BoP, current US$)",BX.KLT.DINV.CD.WD,Tuvalu,TUV,..,..,..,..,..,..,-9309.81914383283,-9779.61900234303,-10973.3734638277,-11696.8345342259,-11417.1946991412,-10582.6523719546,-11053.9506207364,1687799.95633287,1751074.67213385,455233.534004271,-119087.670246489,1325042.53066614,336811.546479117,300000,300000,300000,300000,298862.0826,..
"Foreign direct investment, net inflows (BoP, current US$)",BX.KLT.DINV.CD.WD,Uganda,UGA,121200000,121000000,175000000,210000000,140200000,160700000,151496150.651927,184648059.1975,202192593.6185,295416479.800692,379808340.667061,644262499.946512,792305780.891244,728860900.652408,841570802.74764,543872727.272728,894293858,1205388487.79374,1096000000,1058564540.34685,737652140.151428,625704361.867068,802704141.008568,1055353352.63033,1266026787.77825
"Foreign direct investment, net inflows (BoP, current US$)",BX.KLT.DINV.CD.WD,Ukraine,UKR,267000000,521000000,623000000,743000000,496000000,595000000,792000000,693000000,1424000000,1715000000,7808000000,5604000000,10193000000,10700000000,4769000000,6451000000,7207000000,8175000000,4509000000,847000000,3050000000,3441000000,2827000000,2476000000,3043000000
"Foreign direct investment, net inflows (BoP, current US$)",BX.KLT.DINV.CD.WD,United Arab Emirates,ARE,399850000,300520000,232430000,257660000,-985340000,-506330000,1183840000,95300000,4255956432.9476,10003500000,10899931926.4806,12805990469.7073,14186521443.1586,5062972004.8362,1134288135.283,8796769640.5164,7152095825.6618,9566651351.0872,9764914527.3321,11071537020.0801,8550901846.5854,9604773000,10354223000,10385286000,..
"Foreign direct investment, net inflows (BoP, current US$)",BX.KLT.DINV.CD.WD,United Kingdom,GBR,29129258040.8363,32412668835.2522,51311836383.8208,109817612847.493,129891584490.274,164130335444.123,56090924808.7938,89760582753.2235,36011240472.8341,87059621382.2839,252653397148.111,203636431868.244,209514959646.908,253454117907.322,14547108445.0914,66734551294.0913,27012050072.3452,46750789727.7264,54473175400.2415,58890445252.714,45333483122.0899,324813224213.021,121254600398.257,81158909779.2008,27028383382.5891
"Foreign direct investment, net inflows (BoP, current US$)",BX.KLT.DINV.CD.WD,United States,USA,69080000000,97660000000,122150000000,211150000000,312449000000,349125000000,172496000000,111055000000,117106000000,213641000000,142344000000,298463000000,346613000000,341092000000,161083000000,264039000000,263497000000,250345000000,288131000000,251856000000,509087000000,494439000000,354649000000,258390000000,310811000000
"Foreign direct investment, net inflows (BoP, current US$)",BX.KLT.DINV.CD.WD,Uruguay,URY,156600000,136800000,113200000,164100000,235300000,262825000,310402928.186631,179852187.798716,402717369.251734,352712784.345572,826626704.297553,1508350268.54176,1358736505.93224,2141969341.14865,1602591812.77207,2191067966.51532,2690094196.66277,6043903328.81385,757818757.487887,3830457987.1631,2420435325.50321,-209300464.651922,2652611060.92856,1171934318.52517,749737074.342687
"Foreign direct investment, net inflows (BoP, current US$)",BX.KLT.DINV.CD.WD,Uzbekistan,UZB,-24000000,90000000,166800000,139600000,121200000,74700000,82800000,65300000,82600000,176600000,191600000,173800000,705200000,711300000,842000000,1636448861,1635145000,563040469.7131,634701276,808675996.570486,1041199291.09393,1662586807.03259,1797341435.65381,624702706.364396,2286340166.12278
"Foreign direct investment, net inflows (BoP, current US$)",BX.KLT.DINV.CD.WD,Vanuatu,VUT,31044914.6654407,32732115.6063049,30233300.3604651,20383379.4203026,13403366.6167586,20256089.6407318,18004322.0771219,14162544.8083713,18010732.3935714,19840843.5043493,13251642.4085469,43447011.6286544,34155234.6761075,37694497.4912752,32140846.4295061,63109398.8219535,61117730.8986634,60388540.2101009,59379212.8028741,13266163.5152466,31021245.7737035,44178569.3949991,38222690.1627779,37582280.0177531,..
"Foreign direct investment, net inflows (BoP, current US$)",BX.KLT.DINV.CD.WD,"Venezuela, RB",VEN,996000000,2183000000,6202000000,5024000000,2932000000,4703000000,3704000000,761000000,1573000000,1489000000,2450000000,198000000,4358000000,2083000000,-1137000000,1583000000,5855000000,4986000000,2145000000,1135000000,2956000000,1587000000,-68000000,956000000,..
"Foreign direct investment, net inflows (BoP, current US$)",BX.KLT.DINV.CD.WD,Vietnam,VNM,1780400000,2395000000,2220000000,1671000000,1412000000,1298000000,1300000000,1400000000,1450000000,1610000000,1954000000,2400000000,6700000000,9579000000,7600000000,8000000000,7430000000,8368000000,8900000000,9200000000,11800000000,12600000000,14100000000,15500000000,..
"Foreign direct investment, net inflows (BoP, current US$)",BX.KLT.DINV.CD.WD,Virgin Islands (U.S.),VIR,..,..,..,..,..,..,..,..,..,..,..,..,..,..,..,..,..,..,..,..,..,..,..,..,..
"Foreign direct investment, net inflows (BoP, current US$)",BX.KLT.DINV.CD.WD,West Bank and Gaza,PSE,122600000,177200000,163000000,208973104.707612,189721781.969895,62005481.8276937,19176400.668,9440000,12872000,20520000,36242000,18587960,19596000,51508000,300468000,179941047.792492,238840690.55525,62985366.1058956,189560177.039613,159711665.338643,104937726.65803,296473530.843925,203376299.06288,262509658.39526,..
"Foreign direct investment, net inflows (BoP, current US$)",BX.KLT.DINV.CD.WD,"Yemen, Rep.",YEM,-217700000,-60100000,-138500000,-219400000,-307600000,6399510,155141000,114302000,-89107000,143578000,-302056736.757507,1120970000,917300000,1554630000,129200000,188641795.777668,-517842928.476896,-14239188.3601923,-133570895.625639,-233104668.580815,-15444808.3545508,-561000000,-269850000,-282098333.3333,..
"Foreign direct investment, net inflows (BoP, current US$)",BX.KLT.DINV.CD.WD,Zambia,ZMB,107000000,127100000,207400000,198000000,162000000,121700000,145000000,298390000,347000000,364040000,356940000,615790000,1323900000,938620000,694800000,1729300000,1108500000,1731500000,2099800000,1507800000,1582666666.66667,662813935.420472,1107519804.84533,408438491.702336,481404726.725232
"Foreign direct investment, net inflows (BoP, current US$)",BX.KLT.DINV.CD.WD,Zimbabwe,ZWE,117700000,80900000,135100000,444300000,59000000,23200000,3800000,25900000,3800000,8700000,102800000,40000000,68900000,51600000,105000000,122586666.666667,344300000,349850000,373050000,472800000,399200000,343013813.38,247187738.788,744637199.18,..
,,,,,,,,,,,,,,,,,,,,,,,,,,,,
,,,,,,,,,,,,,,,,,,,,,,,,,,,,
,,,,,,,,,,,,,,,,,,,,,,,,,,,,
Data from database: World Development Indicators,,,,,,,,,,,,,,,,,,,,,,,,,,,,
Last Updated: 07/01/2020,,,,,,,,,,,,,,,,,,,,,,,,,,,,
